SMA,SMA_b,WMA_b,STCK_b,MOM_b,LWR_b,ADO_b,CCI_b,TREND
2436.4,0,0,0,0,1,0,0,0
3015.5,1,1,0,1,1,0,0,0
1251.6,1,1,0,1,1,0,0,0
2393.0,1,1,1,1,0,1,1,0
1645.8,0,0,1,0,0,0,1,1
1862.2,0,0,0,0,1,0,1,0
2327.8,1,1,1,1,0,0,1,1
2559.5,0,0,0,0,1,1,1,0
2501.6,1,1,0,1,1,0,0,1
2068.0,0,0,0,1,1,1,0,0
3390.0,1,1,0,1,1,1,0,0
2445.2,1,1,0,0,1,1,0,0
1560.9,1,1,1,1,0,0,1,0
1340.5,0,0,0,0,1,0,1,1
34162.0,0,0,0,0,1,0,0,1
32218.0,0,0,1,0,0,0,1,1
2303.0,0,0,1,1,0,1,1,1
4239.1,0,0,1,0,0,0,1,1
1512.7,0,1,1,0,0,1,1,0
41325.0,1,1,0,0,1,0,0,0
1527.9,1,1,0,1,1,1,0,0
1894.2,0,1,0,0,1,1,0,0
1493.4,0,0,1,1,0,0,1,1
33014.0,0,0,1,0,0,0,1,1
1980.3,0,0,1,0,0,0,1,1
1580.6,1,1,0,0,1,0,0,1
2494.1,0,0,1,0,0,1,1,1
1331.1,0,0,0,0,1,1,1,0
1906.7,0,0,0,1,1,1,0,0
2649.0,1,1,0,1,0,0,0,1
1519.6,0,0,0,0,1,0,0,0
1192.7,0,0,1,0,0,1,1,1
1821.6,0,0,0,1,1,1,0,0
1207.3,1,1,0,0,1,0,0,0
8304.0,1,1,1,1,0,0,0,0
3360.9,0,0,1,0,0,1,1,0
1599.9,0,0,1,1,0,0,1,1
5567.3,1,1,1,1,0,0,1,1
2736.4,0,0,1,0,0,0,1,1
1263.9,0,1,1,0,0,0,0,0
3890.7,1,1,0,1,1,0,1,1
1674.4,0,0,0,0,1,1,0,0
2057.7,1,1,1,1,0,0,1,1
6580.8,1,1,1,0,0,0,1,0
2630.0,0,0,0,0,0,1,1,0
4570.5,1,1,1,1,0,0,0,1
4077.8,0,1,0,0,1,0,1,0
1260.4,0,0,0,0,0,0,1,1
24141.0,1,1,1,1,0,0,0,1
3094.2,0,0,0,0,1,0,0,1
2441.0,0,0,1,0,0,0,1,1
2068.7,0,0,0,0,1,1,1,0
20207.3,1,1,0,1,1,1,0,1
1772.3,1,1,0,1,1,0,0,0
2376.0,0,0,1,0,0,1,1,0
1256.7,0,0,0,0,0,0,1,1
1804.7,1,1,1,1,0,0,1,1
2812.2,0,0,1,0,0,0,1,1
14380.1,0,0,1,0,0,1,1,0
3321.0,0,0,0,0,1,1,0,0
1324.4,0,0,1,1,0,0,1,1
1809.0,0,0,0,0,1,1,0,1
2373.1,0,0,0,0,1,1,0,0
2813.2,0,0,0,0,0,0,1,1
1193.8,1,1,0,1,1,0,0,0
4164.2,1,0,1,1,0,1,0,1
31152.0,0,0,1,0,0,0,1,1
2034.9,0,0,0,0,1,0,0,0
4537.0,0,0,0,1,1,1,0,0
2032.1,1,1,1,1,0,0,0,1
2597.7,1,0,1,1,0,0,1,1
2417.1,1,1,1,1,0,0,1,0
22808.4,1,1,1,1,0,0,0,1
3067.4,0,0,0,0,1,1,1,0
3132.6,0,0,1,0,0,1,1,0
2315.5,1,1,1,1,0,0,0,1
2248.9,1,1,1,1,0,0,1,1
2193.6,1,1,0,1,1,0,1,1
2605.5,0,0,0,1,1,0,0,0
1508.2,1,1,1,1,0,1,1,1
1118.8,0,0,0,0,1,1,0,0
1501.7,1,0,0,1,0,1,0,1
2566.3,0,0,0,0,1,0,0,0
1021.3,0,0,1,0,0,1,1,1
2974.9,1,1,0,1,1,0,0,1
1864.1,1,1,1,1,0,0,1,1
1799.7,1,1,0,1,1,0,0,0
2491.9,1,1,0,1,1,1,0,0
1297.5,1,1,0,1,1,1,0,0
1453.9,0,0,1,0,0,0,1,1
2329.2,0,0,0,0,1,0,1,1
2597.5,0,0,0,0,1,1,0,0
1493.0,1,0,1,1,0,0,1,0
2585.7,0,1,0,0,1,0,0,1
1038.3,0,0,0,0,0,0,0,1
1638.9,1,1,1,1,0,0,0,0
1462.8,1,1,0,1,1,0,0,1
1234.7,0,0,1,0,0,1,1,1
2918.1,0,0,0,1,0,0,0,0
2213.3,0,0,1,0,0,0,1,1
2191.0,0,0,0,0,1,1,1,0
1667.8,1,1,1,1,0,1,1,1
1629.9,1,1,1,1,0,1,0,1
2369.2,0,0,0,0,1,0,0,0
3601.7,0,0,0,0,1,0,1,0
2447.2,0,0,0,0,1,1,1,1
3378.0,0,0,1,0,0,0,1,1
32169.0,0,0,0,0,1,0,1,0
1121.6,1,1,0,1,1,0,0,0
3988.0,0,0,1,0,0,0,1,1
2780.8,1,1,0,1,1,1,1,0
6303.2,1,1,1,1,0,0,0,0
1143.4,0,0,1,0,0,1,1,1
1216.4,0,0,0,0,0,0,0,1
2495.6,0,0,1,0,0,1,1,1
2157.2,1,0,0,1,1,0,0,0
3957.2,0,0,1,1,0,1,1,1
2997.8,1,1,1,1,0,0,1,1
1786.5,1,1,1,1,0,1,1,0
1754.7,0,0,1,0,0,0,1,1
2148.0,0,0,0,0,1,1,1,0
2023.5,0,0,1,0,0,1,1,0
1540.0,0,0,1,1,0,0,1,0
1297.8,1,1,1,0,0,0,0,0
1474.9,1,1,0,1,1,0,0,0
31726.0,1,0,0,1,1,1,0,0
1481.5,0,0,0,0,1,1,1,0
1766.7,1,1,0,1,1,0,0,1
1841.5,1,1,0,1,1,1,0,1
2477.7,0,0,0,0,1,1,0,1
4939.0,1,1,0,1,1,0,0,0
4734.4,1,1,1,1,0,0,0,0
1809.1,1,1,0,1,1,1,0,0
3244.2,0,0,1,1,0,1,0,0
3196.2,1,1,1,0,0,1,1,1
1955.6,1,1,1,1,0,0,1,1
1486.8,1,1,1,1,0,0,1,1
2344.3,1,1,1,1,0,0,0,1
1792.6,1,0,0,1,1,1,0,0
1803.7,1,1,1,1,0,0,0,1
1723.6,0,0,1,0,0,1,1,0
2666.2,0,0,1,0,0,1,1,0
2395.6,1,1,1,1,0,1,0,1
2666.3,1,1,1,1,0,0,1,1
2613.6,1,1,0,1,1,1,0,0
1227.1,0,0,1,0,0,0,1,1
4278.9,1,1,1,1,0,0,0,0
1712.2,1,1,0,1,1,0,0,1
2597.5,0,0,0,0,1,1,0,0
2451.4,0,0,0,0,1,1,1,0
15065.2,1,1,0,1,1,0,0,0
1509.2,1,1,0,0,1,0,1,1
1130.6,1,1,0,1,1,1,0,1
3258.6,0,0,0,1,1,1,0,0
32546.0,0,0,1,0,0,0,0,0
2714.1,0,0,1,1,0,0,1,0
1314.0,0,0,1,0,0,0,1,1
2328.5,0,0,0,0,1,0,1,0
3303.8,1,1,1,1,0,0,1,1
1283.9,1,1,1,1,0,0,1,1
2338.2,0,0,1,0,0,1,1,1
3480.7,1,1,1,1,0,1,0,0
2763.3,1,1,0,1,1,0,0,0
1587.1,1,1,0,0,1,0,0,1
31341.0,0,0,0,0,1,0,0,1
1478.7,0,1,1,0,0,0,1,1
2136.7,0,0,0,0,1,1,1,0
1717.4,1,1,0,0,1,0,0,0
2616.3,0,0,1,0,0,0,0,0
4689.6,1,1,0,0,1,0,1,0
2537.5,1,1,0,1,1,1,0,1
1636.6,0,0,0,0,1,0,1,1
1727.2,1,0,1,1,0,1,0,0
1578.9,0,0,1,0,0,0,1,0
1216.4,0,0,0,0,0,0,0,1
17802.7,0,0,1,1,0,0,1,1
5846.1,0,0,1,0,0,0,1,0
2636.0,1,1,0,1,1,0,0,1
1901.6,1,0,1,1,0,0,0,0
2019.1,1,1,1,0,0,1,1,0
32171.0,0,0,1,0,0,0,0,0
4575.2,0,0,1,0,0,0,0,0
2777.0,1,1,0,1,1,0,0,0
14520.3,0,1,1,0,0,0,0,1
2758.0,1,1,0,0,0,0,1,0
2635.7,0,0,1,0,0,1,1,0
3754.3,0,0,1,1,0,0,1,1
4821.1,0,0,1,0,0,1,1,1
2018.1,0,0,1,1,0,0,0,1
1719.6,0,0,1,0,0,1,1,0
1766.9,1,1,0,1,1,1,0,1
1933.6,1,1,1,1,0,1,0,0
1333.4,0,0,0,0,1,1,0,0
17939.1,0,0,1,0,0,1,1,1
2222.5,0,0,1,0,0,1,1,1
18659.0,1,1,1,0,0,0,0,0
3487.1,1,1,0,1,1,0,0,1
14098.5,0,0,0,1,1,1,0,1
1275.3,0,0,0,0,1,0,0,0
3360.3,0,0,1,0,0,1,1,0
4082.2,1,1,1,0,0,0,1,1
2029.6,0,0,0,1,0,0,0,0
32102.0,0,0,0,0,1,0,1,1
1604.0,0,0,0,0,1,0,0,1
2747.7,0,0,0,0,1,1,1,0
35936.0,1,1,0,1,1,0,0,1
4317.4,1,1,1,1,0,0,0,1
1463.2,1,1,0,1,1,1,1,0
1441.9,0,0,1,0,0,0,1,0
3787.1,0,0,1,0,0,0,0,1
2678.3,0,0,1,0,0,1,1,1
1277.6,0,0,0,0,0,0,0,1
1148.1,0,0,1,1,0,1,1,0
1244.0,0,0,0,0,1,0,1,1
3997.8,1,1,0,1,1,0,0,1
2556.4,0,0,0,0,1,0,0,0
2556.0,0,0,0,1,1,1,0,0
4712.3,1,1,0,1,1,0,0,1
26427.0,1,1,0,1,1,0,1,1
2423.7,0,0,1,0,0,1,1,1
1027.3,0,0,0,0,0,0,1,1
2406.1,0,0,0,0,1,0,0,1
2804.3,1,1,0,0,1,0,0,0
1453.7,1,1,1,1,0,0,1,1
2523.0,1,1,1,0,0,0,1,0
2903.6,0,0,0,0,1,1,0,0
2298.5,0,0,1,0,0,0,0,1
7285.4,1,1,0,0,1,0,0,0
1279.3,1,1,0,1,1,1,0,0
2085.9,0,0,0,0,1,1,0,1
1773.3,0,0,0,1,1,1,0,1
2047.2,1,1,0,1,1,1,0,0
1371.1,1,1,0,1,1,1,0,0
1128.4,1,1,1,1,0,0,0,0
1764.3,0,0,1,0,0,0,1,1
2445.2,1,1,0,0,1,1,0,0
2190.6,1,1,1,0,0,1,1,1
2451.4,0,0,0,0,1,1,1,0
1495.1,0,0,1,0,0,0,0,1
2234.9,1,1,1,1,0,0,1,1
2153.8,0,0,1,0,0,0,1,0
31931.0,0,0,0,0,0,0,1,0
2780.1,1,1,1,0,0,0,1,0
3580.8,0,0,1,0,0,0,1,0
2417.1,1,1,1,1,0,0,1,0
2208.5,0,0,1,0,0,1,1,0
2395.6,1,1,1,1,0,1,0,1
2417.1,1,1,1,1,0,0,1,0
1735.7,1,1,0,1,1,0,0,1
2812.2,0,0,1,0,0,0,1,1
27358.0,1,1,0,1,1,0,0,1
2169.0,1,1,0,0,1,1,0,1
1611.7,0,0,1,0,0,1,1,0
2626.4,0,1,0,0,1,1,1,0
2098.1,1,1,0,1,1,0,0,0
1200.6,1,1,0,0,1,0,0,1
3703.5,0,0,1,0,0,0,1,0
2062.7,0,0,0,0,1,0,0,0
2832.3,0,0,1,0,0,0,1,1
3517.7,1,1,0,1,1,1,0,1
8519.0,1,1,0,1,1,1,0,0
2362.4,1,1,0,0,1,0,0,0
3126.9,1,1,0,1,1,0,0,0
2027.3,1,1,1,1,0,0,1,0
2543.5,1,1,0,1,1,1,0,0
3126.9,1,1,0,1,1,0,0,0
1621.1,0,0,1,1,0,0,0,1
1274.1,1,1,0,1,1,0,0,1
2636.0,1,1,0,1,1,0,0,1
1803.9,1,1,0,1,1,0,0,0
11451.0,1,1,1,1,0,0,0,1
2463.5,1,1,1,1,0,0,0,1
1913.7,1,1,0,1,1,0,0,0
1138.3,1,1,0,1,1,1,1,0
3387.9,1,1,1,1,0,0,1,0
14505.7,1,1,0,1,1,1,0,1
3548.5,0,0,1,0,0,0,1,0
3258.4,1,0,0,1,1,0,0,1
2371.9,0,0,0,0,1,0,0,1
1772.4,1,1,0,1,1,1,0,1
1213.4,0,0,1,0,0,1,0,1
1112.3,1,1,0,1,1,1,1,0
2386.4,0,0,1,0,0,0,0,1
1463.2,1,1,0,1,1,1,1,0
2208.3,1,1,0,0,1,1,0,1
1182.7,0,0,0,0,1,0,1,0
2597.6,0,1,0,0,1,1,1,0
2636.0,1,1,0,1,1,0,0,1
1621.1,0,0,1,1,0,0,0,1
6017.3,0,0,1,0,0,0,1,0
1592.0,1,1,1,1,0,0,1,1
3880.2,0,0,1,0,0,0,0,0
2844.8,1,1,0,1,1,0,0,0
32517.0,1,1,1,1,0,1,1,1
1537.7,1,1,0,1,1,0,0,0
1782.5,0,0,0,0,1,0,0,1
2252.1,0,0,0,0,1,1,0,0
1340.5,0,0,0,0,1,0,1,1
2148.0,0,0,0,0,1,1,1,0
2540.3,1,1,0,0,1,1,1,1
39995.0,0,1,1,0,0,0,1,0
1205.8,0,0,0,0,1,0,0,0
6438.6,0,1,0,0,1,0,1,0
2491.6,1,1,0,0,1,1,0,0
2044.0,1,1,1,1,0,0,1,1
1195.9,1,0,1,1,0,0,0,1
1195.9,1,0,1,1,0,0,0,1
4569.8,1,1,1,1,0,0,0,0
2642.5,0,0,0,0,1,1,0,1
1437.2,0,0,0,0,1,1,0,1
1476.6,1,1,1,1,0,0,1,1
1782.0,1,1,0,0,0,1,1,0
2616.3,0,0,1,0,0,0,0,0
2395.9,1,1,1,1,0,0,0,1
4512.4,1,1,0,0,1,0,0,0
2096.5,0,0,0,0,1,1,0,0
2394.7,0,0,1,0,0,0,1,0
2440.2,1,1,0,1,1,0,0,0
1905.1,0,0,1,0,0,1,1,1
2051.7,1,1,0,1,1,0,0,1
2518.8,1,0,0,1,1,0,0,1
1837.3,1,0,0,1,1,0,0,1
2650.1,1,1,1,1,0,1,1,0
2666.2,0,0,1,0,0,1,1,0
1099.6,1,1,0,1,1,0,0,0
1160.2,0,0,0,1,1,1,0,1
2005.8,1,1,1,1,0,0,0,1
4441.8,1,1,0,1,1,1,0,1
2656.8,1,1,1,1,0,0,1,1
2730.9,0,1,0,0,1,0,0,0
3396.8,1,1,1,1,0,0,1,0
1512.7,0,1,1,0,0,1,1,0
4589.4,1,0,0,0,1,1,0,1
1706.3,0,0,1,0,0,1,1,1
2729.8,0,0,0,1,1,1,0,1
1651.3,1,1,0,1,1,1,0,1
2666.3,1,1,1,1,0,0,1,1
4721.2,1,1,1,0,0,0,1,0
2238.6,1,1,0,1,1,1,0,1
2101.3,1,1,0,1,1,1,0,1
32102.0,0,0,0,0,1,0,1,1
5366.7,1,1,0,1,1,1,0,1
17818.7,0,0,1,0,0,1,1,1
1277.6,0,0,0,0,0,0,0,1
1965.3,1,1,1,1,0,1,1,0
2236.5,1,1,0,1,1,0,0,1
6994.1,1,1,1,1,0,0,0,1
4107.3,1,0,0,1,1,0,0,1
3211.7,1,1,1,1,0,0,0,1
2617.4,1,1,0,0,1,1,1,0
2261.9,1,1,0,1,1,1,0,0
1751.3,1,1,0,1,1,1,0,0
1371.2,1,1,0,0,1,0,0,1
3587.1,0,0,0,0,1,0,1,1
2289.8,1,0,1,1,0,0,1,1
2363.6,1,0,0,1,1,1,1,0
1851.4,1,1,0,1,1,1,0,0
1987.0,1,1,0,0,1,1,0,1
1704.7,0,0,0,1,1,0,0,0
2749.9,1,0,0,1,1,0,0,1
1766.9,0,0,1,1,0,1,1,1
2666.2,0,0,1,0,0,1,1,0
1458.1,1,1,0,1,1,0,1,1
1479.3,1,1,0,1,1,0,0,0
2296.2,0,0,1,1,0,1,0,0
1719.6,0,0,1,0,0,1,1,0
2410.5,1,1,0,1,1,0,1,1
2977.6,1,1,0,1,1,0,0,0
1174.8,0,0,1,0,0,1,1,0
2406.6,0,1,0,0,1,1,1,0
2515.9,1,1,0,0,1,1,0,1
1476.9,0,0,0,0,1,0,0,0
1273.0,0,0,0,0,1,0,0,0
7434.7,1,1,1,1,0,0,1,1
1108.2,0,0,1,0,0,0,1,1
2406.1,1,1,0,1,1,1,0,0
1723.2,1,1,1,1,0,0,0,0
3742.7,0,0,0,0,1,1,1,0
2512.8,1,1,1,1,0,1,1,1
9632.7,1,1,0,1,1,1,0,1
1793.0,1,1,1,0,0,1,1,1
2698.3,1,1,0,1,1,0,0,1
2178.6,1,1,1,1,0,1,0,0
4765.8,1,0,1,1,0,0,0,1
1281.0,0,0,0,0,1,0,0,1
3743.7,0,0,0,1,1,1,0,0
2195.6,1,1,1,0,0,0,1,1
3303.8,1,1,1,1,0,0,1,1
4548.6,1,1,0,1,1,0,0,1
1274.6,0,0,0,0,1,0,0,0
1220.0,1,1,0,1,1,0,0,1
2412.2,0,0,1,0,0,0,0,1
41441.0,1,1,0,1,1,0,0,0
3419.8,1,1,0,0,1,0,0,1
2168.8,0,1,1,0,0,0,1,1
1506.4,1,1,0,1,1,1,0,1
1275.9,0,0,0,0,0,1,0,0
1155.9,0,0,1,0,0,0,1,1
4512.4,1,1,0,0,1,0,0,0
1274.9,1,1,0,1,1,0,0,0
1604.0,0,0,0,0,1,0,0,1
1983.1,0,0,1,1,0,0,1,1
1176.0,1,0,0,1,1,0,0,1
3880.2,0,0,1,0,0,0,0,0
7434.7,1,1,1,1,0,0,1,1
1802.5,1,0,0,1,1,0,0,0
1132.4,0,0,1,0,0,0,1,1
4939.0,1,1,0,1,1,0,0,0
1967.5,1,1,0,0,1,0,0,0
14194.6,0,0,1,0,0,0,0,1
1734.6,0,1,0,0,1,1,1,1
1231.4,0,0,0,0,1,0,0,0
1837.3,1,0,0,1,1,0,0,1
2060.6,1,1,0,1,1,0,0,0
2072.1,0,0,0,0,1,0,1,0
1574.2,1,1,0,1,1,1,0,0
3993.2,1,1,0,1,1,0,0,1
4707.9,0,0,1,0,0,0,1,0
2520.0,0,0,1,0,0,0,1,1
2205.0,0,0,0,0,1,1,1,0
2567.9,0,0,1,0,0,0,1,0
1581.9,0,0,1,0,0,0,1,1
1933.6,1,1,1,1,0,1,0,0
6655.8,1,1,0,0,1,1,0,0
3319.8,0,0,0,0,1,0,1,0
3487.1,1,1,0,1,1,0,0,1
1360.3,0,0,0,0,0,1,1,0
2445.2,1,1,0,0,1,1,0,0
2508.4,1,1,0,1,1,1,0,1
1980.2,1,1,1,1,0,0,0,0
1160.2,0,0,0,1,1,1,0,1
1481.5,0,0,0,0,1,1,1,0
1185.3,0,0,1,0,0,1,1,1
2537.3,1,1,0,1,1,1,0,1
1357.4,1,1,1,1,0,0,0,0
1184.8,0,0,1,0,0,0,1,1
2140.9,0,0,0,0,1,0,0,1
1399.1,1,1,1,1,0,0,0,1
1548.1,0,0,1,0,0,1,1,1
2241.5,1,1,0,1,1,1,0,0
1165.8,1,1,0,1,0,1,1,0
2000.1,1,0,0,1,1,1,0,0
2290.9,0,0,0,0,1,0,0,0
1764.5,0,0,0,1,1,1,0,1
3244.2,0,0,1,1,0,1,0,0
2317.8,1,1,0,1,1,1,0,1
2436.4,0,0,0,0,1,0,0,0
2615.9,0,1,0,0,1,0,1,0
4009.1,1,1,1,1,0,1,1,0
2720.5,0,0,1,0,0,1,1,1
3888.9,0,1,1,0,0,0,1,0
17998.6,1,1,0,1,1,0,0,0
3617.5,1,1,0,1,1,1,0,0
1778.4,0,0,0,1,1,0,0,0
2236.5,1,1,0,1,1,0,0,1
1813.5,1,1,0,1,1,1,0,0
1924.2,0,0,0,0,1,0,1,1
2320.8,1,1,1,1,0,0,0,1
1848.2,1,1,0,1,1,1,0,1
1547.3,1,0,1,1,0,0,0,1
2484.5,0,0,1,0,0,1,1,1
2196.9,0,0,0,0,1,0,0,0
1802.7,1,1,0,1,1,1,0,0
1279.9,1,1,1,0,0,1,1,0
2783.1,0,0,0,0,1,1,1,1
17813.1,0,0,0,1,1,0,1,1
1874.6,1,1,1,1,0,1,1,1
2191.0,0,0,0,0,1,1,1,0
2363.2,0,0,1,1,0,1,1,0
2593.5,0,0,0,0,1,0,0,1
1200.7,0,0,1,0,0,0,0,0
14269.3,0,0,1,0,0,0,1,0
2460.7,1,1,0,1,1,1,0,0
2555.4,1,1,0,1,1,0,0,0
2635.7,0,0,1,0,0,1,1,0
3838.7,0,0,0,0,1,1,1,1
2801.4,0,0,1,0,0,0,1,0
6805.1,1,1,1,1,0,0,1,1
5846.1,0,0,1,0,0,0,1,0
2375.1,1,0,1,1,0,0,1,1
2259.1,0,0,0,0,1,1,0,1
1208.7,1,1,0,1,1,0,0,0
1980.3,0,0,1,0,0,0,1,1
31152.0,0,0,1,0,0,0,1,1
6424.8,1,1,0,1,1,1,0,0
2556.4,0,0,0,0,1,0,0,0
2649.0,1,1,1,0,0,1,1,1
1113.3,1,0,1,1,0,0,1,1
1437.2,0,0,0,0,1,1,0,1
1168.9,0,0,1,0,0,0,1,1
1023.3,0,0,1,0,0,0,1,1
1153.6,1,1,0,0,1,1,0,1
32041.0,1,0,0,1,1,1,0,0
2544.9,0,0,0,0,1,1,0,1
3170.8,1,1,0,1,1,0,0,1
2889.0,0,0,0,0,1,1,1,0
1151.8,1,1,0,0,0,1,1,1
3107.7,0,0,0,0,1,0,0,0
18598.0,1,1,1,1,0,1,1,0
2205.3,1,1,0,1,1,1,0,0
1470.5,1,1,1,1,0,0,0,1
1911.0,0,0,0,0,1,0,0,1
2492.3,1,1,1,1,0,0,0,1
4535.9,1,1,0,1,1,1,0,0
1489.8,1,1,0,1,1,0,0,0
3360.9,0,0,1,0,0,1,1,0
1826.1,1,1,1,1,0,0,0,0
1868.6,0,1,1,0,0,0,1,1
1907.7,0,0,1,0,0,1,1,0
5327.7,0,0,0,0,1,0,0,1
1484.5,1,1,0,1,1,1,0,1
1499.5,0,0,0,0,1,0,0,1
40594.0,1,1,1,0,0,0,0,0
3718.7,0,0,1,0,0,0,1,0
1902.5,0,0,1,1,0,0,1,0
3184.3,1,1,0,1,1,0,0,0
2071.2,0,0,0,0,1,1,1,0
1528.5,1,1,0,1,1,0,0,0
34826.0,1,1,1,1,0,0,0,1
2053.9,1,1,1,1,0,1,1,1
2259.1,0,0,0,0,1,1,0,1
1216.4,0,0,0,0,0,0,0,1
2655.7,1,1,0,0,1,1,0,0
2375.1,1,0,1,1,0,0,1,1
33334.0,1,1,0,1,1,0,0,1
2488.3,1,1,0,1,1,0,0,1
2205.3,1,1,0,1,1,1,0,0
2917.1,1,1,1,1,0,1,0,1
3586.1,1,1,1,1,0,0,1,1
1027.1,0,0,0,1,1,1,0,1
1882.7,0,0,1,0,0,0,1,0
1855.5,0,0,0,0,1,0,0,0
2101.2,0,0,1,0,0,0,1,1
1148.2,0,1,0,0,1,0,1,0
2811.4,1,1,0,1,1,1,0,0
1206.5,1,1,0,1,1,0,0,0
3112.1,1,1,0,0,1,0,0,0
1868.5,0,0,0,0,1,1,0,0
1985.4,1,1,0,1,1,1,0,0
1734.2,1,1,0,1,1,1,0,0
2342.0,0,1,0,0,1,1,0,0
1151.6,1,0,1,1,0,1,0,0
1649.4,1,1,0,0,1,0,0,0
1176.8,1,1,0,1,1,0,0,0
2763.3,1,1,0,1,1,0,0,0
1589.4,0,0,0,0,1,1,0,1
3279.3,1,0,1,1,0,0,0,1
1273.0,0,0,0,0,1,0,0,0
2015.8,0,0,1,1,0,0,1,1
2027.3,1,1,1,1,0,0,1,0
2007.6,0,0,1,0,0,0,1,0
2489.5,0,0,0,1,1,1,0,0
2813.2,0,0,0,0,0,0,1,1
1742.3,1,1,0,1,1,1,0,0
1209.3,1,1,1,0,0,0,1,1
1653.3,0,0,1,0,0,0,1,0
4678.2,0,0,0,1,1,1,0,1
4276.2,0,0,0,0,1,0,1,0
1567.2,0,1,1,1,0,0,1,1
1276.5,0,0,0,0,1,0,0,1
1717.8,1,0,0,1,1,1,0,1
2029.6,0,0,0,1,0,0,0,0
34428.0,0,0,0,0,1,0,0,0
1611.6,0,0,1,0,0,0,1,0
3157.1,0,0,1,1,0,0,0,1
2000.1,1,0,0,1,1,1,0,0
1321.1,1,1,1,1,0,1,1,1
2593.4,1,1,0,1,1,0,1,0
1537.7,1,1,0,1,1,0,0,0
2503.3,0,0,1,1,0,0,0,1
1576.2,1,1,1,1,0,0,1,1
1739.5,0,0,0,0,1,0,0,1
1753.4,1,1,1,1,0,0,0,0
2491.6,1,1,0,0,1,1,0,0
2383.2,0,0,0,1,1,0,0,1
2610.8,1,0,0,1,1,0,0,0
1546.7,1,1,0,0,1,1,0,0
3426.0,0,0,0,0,1,1,0,0
1462.3,1,1,1,1,0,0,0,0
14304.9,0,0,0,0,1,1,1,1
2959.1,0,0,1,0,0,0,1,0
1467.0,1,1,1,1,0,0,1,1
2325.2,1,1,0,1,1,1,0,0
4157.4,0,0,1,0,0,0,1,1
2936.4,0,0,0,0,1,0,0,1
2030.0,1,1,1,1,0,0,1,0
1504.9,1,0,1,1,0,1,1,0
1504.9,1,0,1,1,0,1,1,0
1527.3,1,1,0,0,1,1,0,0
3231.7,1,0,0,1,1,1,0,0
4200.9,1,1,1,0,0,0,1,0
1706.8,0,0,1,0,0,1,1,0
1880.7,1,1,1,1,0,1,1,0
1177.0,0,0,1,1,0,1,1,1
1868.5,0,0,0,0,1,1,0,0
2508.0,0,1,1,0,0,0,1,1
2097.2,0,0,0,0,1,1,0,0
1673.0,0,0,1,0,0,0,0,0
2026.3,1,0,0,1,1,1,0,1
2807.3,0,0,0,0,0,0,0,1
3483.3,1,1,1,1,0,0,1,1
2352.5,0,0,1,1,0,0,1,1
1205.1,0,0,0,0,1,0,0,0
1983.1,0,0,1,1,0,0,1,1
4054.5,1,1,0,1,1,1,0,1
1886.4,1,1,0,1,1,1,0,0
1253.1,1,1,0,1,1,0,0,0
38074.0,1,1,1,1,0,0,0,0
3509.7,0,0,0,0,1,1,1,1
1515.4,1,1,1,1,0,0,1,1
2589.6,0,0,0,0,1,0,0,0
1508.3,1,1,1,1,0,1,1,1
2133.6,1,1,0,1,1,1,0,1
2162.4,0,1,1,0,0,1,1,1
2010.8,1,1,0,1,1,1,0,1
2286.9,0,0,1,0,0,0,1,0
1353.6,0,0,1,0,0,1,1,1
1461.1,0,0,1,0,0,0,1,1
1509.9,0,0,0,0,1,0,0,1
2348.5,0,0,0,0,0,0,0,1
2142.5,1,1,0,1,1,1,0,1
4748.5,1,1,0,0,1,0,0,1
2593.4,1,1,0,1,1,0,1,0
2080.9,0,0,0,0,1,1,1,0
23242.2,1,1,1,1,0,0,0,1
2054.2,0,0,1,1,0,0,1,1
4077.8,0,1,0,0,1,0,1,0
1455.5,0,0,0,1,1,0,0,1
1490.2,1,1,0,0,1,0,0,0
2094.0,0,0,0,0,1,0,0,0
1375.9,0,0,1,0,0,0,1,1
2905.7,0,0,0,1,1,1,0,1
3251.0,1,1,0,1,1,1,0,0
1638.9,1,1,1,1,0,0,0,0
3055.9,0,0,0,0,1,0,0,1
4339.9,0,0,0,0,1,1,1,0
2388.6,0,0,0,1,1,0,0,1
2587.7,0,0,0,0,1,0,0,0
3337.5,0,0,1,0,0,0,1,1
2720.0,1,1,1,0,0,0,1,1
2268.7,0,0,1,0,0,1,0,1
30859.0,1,1,1,1,0,1,1,0
3890.7,1,1,0,1,1,0,1,1
6647.2,1,1,0,1,1,1,0,1
2741.3,0,0,1,0,0,0,1,1
2182.5,1,1,0,1,1,0,0,1
2485.2,0,0,0,0,1,0,0,1
4095.6,0,0,1,0,0,0,1,1
2255.7,1,1,1,0,0,0,1,1
2501.3,1,1,0,1,1,0,0,1
2021.4,0,1,0,0,1,1,0,1
2499.8,0,0,1,0,0,0,1,0
1736.0,0,0,1,0,0,1,1,0
2052.7,0,0,0,0,1,1,1,1
2550.2,1,1,0,1,1,0,0,0
2504.4,0,1,1,0,0,0,1,0
1974.0,1,1,0,1,1,1,1,1
1107.7,0,0,0,0,1,1,0,0
2531.2,1,1,0,1,1,1,0,1
2681.6,1,1,0,0,1,1,1,1
2438.4,0,0,0,0,1,1,0,1
2011.5,1,1,0,1,1,1,0,1
1632.8,0,0,1,1,0,1,1,0
1498.6,0,0,0,1,0,0,0,1
1352.6,1,1,1,1,0,0,1,1
1627.0,0,0,1,1,0,0,1,1
1508.3,1,1,1,1,0,1,1,1
7414.7,1,1,1,1,0,1,1,0
1846.7,0,0,1,0,0,1,1,0
2780.8,1,1,0,1,1,1,1,0
1749.9,1,0,1,1,0,1,0,0
2526.0,1,1,1,1,0,1,1,0
1837.3,1,0,0,1,1,0,0,1
1757.4,1,1,0,1,1,1,0,1
1812.6,0,0,1,0,0,0,1,0
1282.4,0,0,0,0,1,1,1,1
22365.0,1,1,0,1,1,0,0,1
1933.9,1,1,0,1,1,0,0,1
2371.1,0,0,1,0,0,1,0,1
3303.8,1,1,1,1,0,0,1,1
1638.8,0,0,0,0,1,1,0,0
4622.9,1,1,0,1,1,0,0,1
1670.3,0,0,0,0,1,1,1,0
2595.4,0,0,1,1,0,1,1,0
2836.1,1,1,0,1,1,0,0,1
2405.9,1,1,1,1,0,0,1,0
6501.4,1,1,0,1,1,0,0,1
1764.5,0,0,0,1,1,1,0,1
3339.0,0,1,1,0,0,0,1,1
2171.9,1,0,0,1,1,1,0,0
4633.9,0,1,1,0,0,1,1,1
2890.4,0,0,1,0,0,0,0,0
2540.0,1,1,1,0,0,0,1,1
2656.8,1,1,1,1,0,0,1,1
1649.8,0,0,1,0,0,1,1,1
1137.7,0,0,1,0,0,0,0,0
3242.7,0,0,1,0,0,0,1,1
3890.7,1,1,0,1,1,0,1,1
2196.9,0,0,0,0,1,0,0,0
4099.0,1,1,0,0,1,1,0,0
1681.3,0,0,1,0,0,1,1,1
1179.2,0,0,0,1,1,0,0,1
2303.2,1,1,1,1,0,0,1,1
1458.3,0,0,1,0,0,0,1,1
1994.4,1,1,1,0,0,0,1,0
2443.1,0,0,0,0,1,1,0,1
1859.8,1,0,0,1,1,0,0,0
3630.6,0,0,0,0,1,0,1,0
3821.4,0,0,1,0,0,0,1,0
1790.4,0,0,1,0,0,0,1,0
1462.6,1,0,0,0,1,0,0,1
10407.5,1,1,0,1,1,0,1,1
2857.4,0,0,0,0,1,0,1,0
1968.2,0,0,0,0,1,0,1,1
2162.4,0,1,1,0,0,0,1,0
7755.0,1,1,0,1,1,1,0,1
2979.8,0,0,0,0,1,1,0,1
14194.0,1,1,0,1,1,0,0,0
2537.5,1,1,0,1,1,1,0,1
2388.6,0,0,1,0,0,0,1,1
1703.4,1,1,1,1,0,0,0,1
1621.3,0,0,1,0,0,0,1,0
14829.6,1,1,0,1,1,1,0,1
3870.9,0,0,0,0,1,1,0,0
2092.2,0,0,0,0,1,0,1,0
2298.5,0,0,1,0,0,0,0,1
3506.7,0,0,1,0,0,0,1,0
3982.7,0,0,0,0,1,0,0,0
2286.9,0,0,1,0,0,0,1,0
1146.2,0,0,1,0,0,1,1,0
2631.1,1,1,1,1,0,0,1,0
1154.5,1,1,0,1,1,1,1,1
1329.7,0,0,0,0,1,0,1,0
2372.0,1,0,1,1,0,0,0,1
2125.5,0,0,0,0,1,0,0,1
1771.7,0,1,1,0,0,1,1,1
7300.3,1,1,1,1,0,0,1,1
3126.9,1,1,0,1,1,0,0,0
1741.3,0,0,1,0,0,1,0,0
33604.0,0,0,0,0,1,0,1,0
1517.3,0,0,1,1,0,0,1,1
2106.8,0,0,0,0,1,1,0,0
4041.8,0,0,0,0,1,0,0,0
2616.7,1,1,0,1,1,1,0,0
2230.3,0,0,1,0,0,0,1,0
2201.2,1,1,0,1,1,0,0,1
2482.1,1,1,1,1,0,0,0,0
14412.5,1,1,1,1,0,0,0,1
2299.1,0,0,0,0,1,1,1,0
1707.7,1,1,0,0,1,1,0,0
2616.7,1,1,0,1,1,1,0,0
1531.7,0,0,1,0,0,0,1,0
3938.3,0,0,1,0,0,0,0,0
1351.1,0,0,0,0,1,0,1,1
2763.3,1,1,1,0,0,1,1,1
2763.3,1,1,0,1,1,0,0,0
2286.9,0,0,1,0,0,0,1,0
3282.6,0,0,0,1,1,1,0,1
2706.6,0,0,1,0,0,0,1,0
2721.6,0,0,0,1,1,0,0,1
2632.1,1,1,0,1,1,0,0,0
2328.5,0,0,0,0,1,0,1,0
3593.1,1,1,0,1,1,0,0,1
2491.7,0,0,1,1,0,0,1,1
1213.3,0,0,1,0,0,0,0,1
2603.1,0,0,1,0,0,0,1,0
1099.6,1,1,0,1,1,0,0,0
1435.1,0,0,0,0,1,1,1,1
1860.0,0,0,1,0,0,0,1,0
27732.0,1,1,1,1,0,0,0,1
3759.4,0,0,0,0,1,1,0,0
1856.8,0,0,1,0,0,1,1,0
1773.3,1,1,0,0,1,0,0,1
1027.1,0,0,0,1,1,1,0,1
1573.7,0,0,0,0,1,1,0,1
17250.7,1,1,1,1,0,1,1,0
2724.9,0,1,1,0,0,0,1,0
2025.7,0,0,1,0,0,0,1,1
1951.3,1,1,0,1,1,1,0,1
1205.8,0,0,0,0,1,0,0,0
4433.0,1,1,1,1,0,0,1,0
4367.3,0,1,0,0,1,0,0,0
1353.6,0,0,1,0,0,1,1,1
1493.5,1,1,0,1,1,1,0,0
2406.1,0,0,0,0,1,0,0,1
4712.3,1,1,0,1,1,0,0,1
1490.1,0,0,1,0,0,1,1,1
1910.3,1,1,0,1,1,1,0,1
2613.6,1,1,0,1,1,1,0,0
2702.5,1,1,1,1,0,0,1,1
33334.0,1,1,0,1,1,0,0,1
1357.4,1,1,1,1,0,0,0,0
1963.9,0,0,0,0,1,0,1,1
2441.0,0,0,1,0,0,0,1,1
2970.3,0,0,1,0,0,0,0,0
4505.0,0,0,1,0,0,0,1,1
2382.6,0,0,1,0,0,0,0,0
1732.1,0,0,1,0,0,1,1,0
3244.2,0,0,1,1,0,1,0,0
1118.8,0,0,0,0,1,1,0,0
1557.7,0,0,0,0,1,0,0,1
1227.1,0,0,1,0,0,0,1,1
1205.1,0,0,0,0,1,0,0,0
2475.7,0,0,0,0,1,0,0,0
1715.0,0,0,0,0,1,1,1,0
31199.0,0,0,0,1,1,1,0,1
2479.7,1,1,1,0,0,1,1,1
2635.1,0,0,0,0,1,1,0,0
2019.0,0,0,0,1,1,1,0,1
1111.9,0,0,1,0,0,1,1,1
2936.4,0,0,0,0,1,0,0,1
4371.8,0,0,1,0,0,1,1,1
2178.6,1,1,1,1,0,1,0,0
2145.1,1,0,0,1,1,0,0,0
14119.9,0,0,1,0,0,1,1,1
3469.5,1,1,1,0,0,0,1,1
1171.4,0,1,0,0,0,0,0,1
1638.4,1,1,0,1,1,1,0,1
2317.8,1,1,0,1,1,1,0,1
2309.1,0,0,1,1,0,0,0,1
2240.1,0,0,1,0,0,0,1,0
2761.1,1,1,0,1,1,1,0,0
1498.2,0,1,0,0,1,0,1,0
1757.4,1,1,0,1,1,1,0,1
2201.2,1,1,0,1,1,0,0,1
1990.7,1,1,1,1,0,1,1,1
3240.6,0,0,1,0,0,0,1,1
4638.6,1,1,1,0,0,0,1,0
15027.6,1,1,0,1,1,0,0,0
1450.3,0,0,0,0,1,0,0,1
4739.2,1,1,1,1,0,1,1,0
1255.1,0,0,0,0,0,0,0,0
2213.3,0,0,1,0,0,0,1,1
2587.1,0,0,0,0,1,1,0,0
1865.6,0,0,1,0,0,0,1,0
5511.4,0,0,0,0,1,0,0,0
4723.0,0,0,1,1,0,0,0,1
2519.5,1,1,1,1,0,0,1,0
1648.7,0,0,1,1,0,1,1,1
6767.5,1,1,0,1,1,1,0,0
2252.1,0,0,0,0,1,1,0,0
2833.5,1,1,0,1,1,1,0,0
1709.3,1,0,1,0,0,0,1,0
15028.2,1,1,1,0,0,0,1,0
1282.8,1,1,1,1,0,1,1,0
4190.5,1,1,0,1,1,0,0,1
2140.2,0,0,0,0,1,1,1,0
1482.7,0,0,0,0,1,0,0,1
1146.8,0,0,0,0,0,0,0,1
2442.5,1,0,0,1,1,1,0,0
5683.7,1,1,1,1,0,1,0,1
2875.9,0,0,1,0,0,1,1,1
1701.3,0,0,0,0,1,1,0,0
2212.8,0,0,1,0,0,0,1,0
2498.8,0,0,1,0,0,1,1,0
1866.7,0,0,0,1,1,0,0,0
1579.7,1,0,0,1,1,0,0,1
1793.2,1,1,0,1,1,1,0,0
3094.2,0,0,0,0,1,0,0,1
1251.2,0,0,0,0,1,0,0,0
1621.3,0,0,1,0,0,0,1,0
2736.4,0,0,1,0,0,0,1,1
1883.4,1,1,0,1,1,1,0,1
2171.9,1,0,0,1,1,1,0,0
2290.9,0,0,1,1,0,0,0,1
2349.5,0,1,0,0,1,1,1,0
1733.9,0,0,0,0,1,0,0,0
1023.5,0,0,0,1,1,1,0,1
2352.5,0,0,1,1,0,0,1,1
2577.1,0,0,1,0,0,0,1,1
2120.0,0,0,0,0,0,0,1,1
2350.1,0,0,1,0,0,0,1,1
3077.5,0,0,0,0,1,1,0,1
2080.9,0,0,0,0,1,1,1,0
