SMA,SMA_b,WMA_b,STCK_b,MOM_b,LWR_b,ADO_b,CCI_b
9021.7,1,1,0,1,1,0,0
9079.3,1,1,0,1,1,1,0
9083.3,1,1,1,1,0,0,0
9071.0,1,1,0,0,1,1,1
9006.2,1,1,1,0,0,0,1
8966.5,1,1,1,0,0,1,1
8940.1,1,1,0,0,1,1,0
8862.1,0,1,0,0,1,0,0
8749.8,0,0,0,0,1,0,1
8642.1,0,0,1,0,0,0,1
8578.7,0,0,0,0,1,1,1
8504.2,0,0,0,0,1,0,1
8453.0,0,0,1,0,0,0,1
8418.1,0,0,1,0,0,0,1
8439.8,0,0,1,1,0,1,1
8462.2,0,0,0,0,1,0,0
8445.3,0,0,0,0,1,0,0
8426.1,0,0,0,0,1,0,0
8407.4,0,0,1,0,0,0,1
8429.8,0,0,1,1,0,0,1
8452.6,0,0,1,1,0,1,1
8499.2,1,1,0,1,1,1,0
8524.9,1,1,0,1,1,0,0
8499.9,1,1,0,0,1,1,0
8422.1,0,1,0,0,1,1,0
8295.2,0,0,1,0,0,0,1
8208.3,0,0,0,0,1,1,0
8129.3,0,0,0,0,1,1,0
8046.4,0,0,1,0,0,0,1
7922.5,0,0,1,0,0,1,1
7786.1,0,0,1,0,0,0,1
7647.9,0,0,1,0,0,0,1
7557.8,0,0,1,0,0,1,1
7500.7,0,0,0,0,1,1,0
7444.0,0,0,0,0,1,0,0
7389.7,0,0,1,0,0,1,1
7337.7,0,0,1,0,0,0,1
7331.7,0,0,1,1,0,0,1
7373.3,0,0,0,1,1,1,0
7410.8,0,0,1,1,0,0,1
7452.5,0,0,1,1,0,0,1
7505.7,1,0,1,1,0,0,0
7563.0,1,1,0,1,1,1,0
7596.3,1,1,0,1,1,0,0
7647.5,1,1,0,1,1,1,0
7694.2,1,1,1,1,0,0,1
7742.0,1,1,1,1,0,0,1
7789.2,1,1,1,1,0,1,1
7816.9,1,1,0,1,1,1,0
7846.0,1,1,1,1,0,0,1
7886.6,1,1,1,1,0,1,1
7925.6,1,1,0,1,1,1,1
7946.7,1,1,0,1,1,1,0
7982.5,1,1,0,1,1,0,0
8016.9,1,1,0,1,1,1,0
8071.4,1,1,1,1,0,0,0
8120.3,1,1,0,1,1,1,0
8126.4,1,1,0,1,1,0,0
8123.8,1,1,1,1,0,0,1
8173.0,1,1,0,0,1,1,1
7958.1,0,1,1,0,0,0,1
7738.9,0,1,1,0,0,0,1
7532.5,0,0,1,0,0,1,1
7336.2,0,0,1,0,0,0,1
7153.9,0,0,1,0,0,0,1
6999.0,0,0,1,0,0,0,1
6859.8,0,0,1,0,0,1,1
6762.5,0,0,1,0,0,0,1
6694.0,0,0,1,0,0,1,1
6602.9,0,0,1,0,0,1,1
6729.0,0,0,1,1,0,0,0
6840.4,0,0,0,1,1,1,0
6912.3,0,0,0,1,1,0,0
6961.2,1,0,1,1,0,0,0
7010.3,1,1,0,1,1,1,0
7022.1,1,1,0,1,1,0,0
7004.6,1,1,0,0,1,1,1
6943.7,1,1,1,0,0,0,1
6856.8,0,1,1,0,0,0,1
6779.0,0,1,1,0,0,1,1
6745.9,0,0,1,0,0,0,1
6716.3,0,0,0,0,1,1,0
6684.3,0,0,0,0,1,0,0
6658.1,0,0,0,0,1,0,0
6619.2,0,0,1,0,0,0,1
6614.7,0,0,1,1,0,1,1
6624.6,0,0,0,0,1,1,0
6640.0,0,0,1,1,0,0,0
6659.3,0,0,0,1,1,1,0
6658.6,0,0,0,0,1,0,0
6635.6,0,0,1,0,0,0,1
6624.3,0,0,1,0,0,1,1
6642.8,1,0,0,0,1,1,0
6649.3,1,0,1,1,0,0,0
6663.7,1,1,0,1,1,1,0
6652.4,1,1,0,0,1,0,0
6626.3,0,0,1,0,0,1,1
6616.3,0,0,0,0,1,0,0
6603.5,0,0,0,0,1,0,0
6597.2,0,0,1,1,0,1,1
6604.1,0,1,0,0,1,1,0
6582.7,0,0,0,0,1,0,0
6550.6,0,0,1,0,0,1,1
6538.2,0,0,1,0,0,0,1
6523.3,0,0,0,0,1,1,0
6513.0,0,0,0,0,1,1,0
6505.5,0,0,1,0,0,0,1
6500.8,0,0,0,0,1,1,1
6476.2,0,0,0,0,1,0,1
6434.1,0,0,1,0,0,0,1
6397.9,0,0,1,0,0,1,1
6390.6,0,0,1,1,0,0,1
6403.5,0,0,1,1,0,1,1
6427.4,0,0,0,1,1,0,0
6443.6,0,0,0,0,1,1,0
6439.7,0,0,0,0,1,0,0
6439.9,0,0,1,1,0,0,1
6455.8,1,0,1,1,0,1,1
6504.5,1,1,0,1,1,1,0
6552.2,1,1,0,1,1,0,0
6575.1,1,1,0,1,1,0,0
6579.3,1,1,0,1,1,1,0
6562.3,1,1,1,0,0,0,0
6536.9,1,1,0,0,1,1,0
6514.8,1,1,1,0,0,0,1
6524.7,1,1,1,1,0,1,1
6537.0,1,1,0,1,1,1,0
6525.3,0,1,1,1,0,0,1
6513.7,0,0,1,0,0,1,0
6512.4,0,0,1,1,0,0,1
6526.4,0,0,0,0,1,1,1
6514.0,0,0,1,0,0,1,1
6501.5,0,0,0,0,1,1,1
6477.0,0,0,1,0,0,0,1
6465.0,0,0,1,0,0,0,1
6448.0,0,0,0,0,1,1,0
6422.0,0,0,0,0,1,0,0
6396.5,0,0,0,0,1,1,1
6356.0,0,0,0,0,1,0,0
6323.5,0,0,1,0,0,0,1
6287.8,0,0,1,0,0,0,0
6298.6,0,0,1,1,0,1,0
6320.1,0,0,0,1,1,0,0
6373.3,0,0,0,1,1,0,0
6442.1,1,0,0,1,1,0,0
6533.7,1,0,0,1,1,0,0
6661.3,1,1,0,1,1,0,0
6818.6,1,1,0,1,1,1,0
6949.4,1,1,1,1,0,0,1
7107.5,1,1,1,1,0,1,1
7278.5,1,1,1,1,0,0,1
7456.7,1,1,0,1,1,1,1
7650.3,1,1,0,1,1,0,0
7849.3,1,1,0,1,1,1,0
7997.6,1,1,0,1,1,0,0
8092.1,1,1,0,1,1,1,0
8128.6,1,1,1,1,0,0,1
8168.2,1,1,1,1,0,1,1
8252.5,1,1,0,1,1,1,0
8279.3,1,1,0,1,1,0,0
8260.9,1,1,0,0,1,0,1
8193.6,1,1,1,0,0,1,1
8110.6,1,1,0,0,1,0,0
7978.7,0,1,1,0,0,0,1
7864.7,0,0,1,0,0,1,1
7767.1,0,0,1,0,0,0,1
7697.2,0,0,1,0,0,0,1
7603.9,0,0,1,0,0,0,1
7519.1,0,0,1,0,0,1,1
7471.6,0,0,1,0,0,0,1
7450.8,0,0,1,0,0,0,0
7443.9,0,0,0,0,1,1,0
7405.1,0,0,0,0,1,0,0
7377.6,0,0,1,0,0,0,1
7372.9,0,0,1,0,0,1,1
7381.2,0,0,0,1,1,0,0
7388.2,0,0,0,1,1,0,0
7386.5,0,0,0,0,1,1,0
7353.8,0,0,1,0,0,1,1
7315.2,0,0,1,0,0,0,1
7298.8,0,0,1,0,0,1,1
7290.4,0,0,0,0,1,0,0
7301.3,0,0,0,1,1,1,0
7318.3,0,0,0,1,1,0,0
7317.7,0,0,0,0,1,1,0
7304.7,0,0,0,0,1,0,1
7284.7,0,0,0,0,1,1,1
7261.4,0,0,0,0,1,1,1
7224.9,0,0,1,0,0,1,1
7160.5,0,0,1,0,0,0,1
7076.2,0,0,1,0,0,1,1
6999.0,0,0,1,0,0,1,1
6952.4,0,0,1,0,0,0,1
6932.4,0,0,0,0,1,1,0
6902.1,0,0,1,0,0,0,1
6907.3,0,0,0,0,1,1,0
6897.7,0,0,1,0,0,0,0
6899.8,0,0,1,1,0,1,1
6922.8,0,0,0,1,1,1,0
6973.0,1,0,1,1,0,0,1
7039.9,1,1,0,1,1,0,0
7098.4,1,1,1,1,0,0,0
7130.3,1,1,1,1,0,1,1
7144.8,1,1,1,1,0,0,0
7195.3,1,1,0,1,1,1,0
7233.6,1,1,0,1,1,1,0
7267.8,1,1,0,1,1,0,0
7294.7,1,1,1,1,0,1,1
7324.6,1,1,0,1,1,1,0
7353.9,1,1,1,1,0,0,1
7376.3,1,1,1,1,0,0,0
7404.3,1,1,0,1,1,1,0
7406.2,1,1,0,0,1,0,1
7390.0,1,1,1,0,0,0,1
7349.8,1,1,0,0,1,1,1
7288.2,0,1,1,0,0,1,1
7257.2,0,0,0,0,1,0,1
7227.0,0,0,0,0,1,0,1
7191.4,0,0,1,0,0,1,1
7164.0,0,0,0,0,1,0,0
7119.6,0,0,0,0,1,1,0
7056.0,0,0,1,0,0,0,0
7022.1,0,0,1,0,0,1,1
7002.4,0,0,1,0,0,0,1
6989.6,0,0,0,0,1,0,1
6975.2,0,0,1,0,0,0,1
6948.9,0,0,0,0,1,1,1
6922.4,0,0,1,0,0,1,1
6900.1,0,0,1,0,0,0,1
6871.3,0,0,1,0,0,0,0
6846.9,0,0,0,0,1,0,0
6835.1,0,0,0,0,1,1,1
6819.1,0,0,0,0,1,1,1
6777.3,0,0,1,0,0,0,1
6716.2,0,0,1,0,0,1,1
6667.3,0,0,1,0,0,1,1
6632.7,0,0,0,0,1,0,0
6599.4,0,0,1,0,0,0,1
6566.9,0,0,0,0,1,0,0
6532.6,0,0,0,0,1,1,0
6481.2,0,0,1,0,0,1,1
6434.6,0,0,1,0,0,0,1
6391.2,0,0,1,0,0,1,1
6374.0,0,0,1,0,0,1,1
6371.8,0,0,0,0,1,0,0
6362.8,0,0,0,0,0,1,1
6349.2,0,0,1,1,0,0,0
6360.1,0,0,0,1,1,1,0
6372.7,0,0,0,1,1,0,0
6377.4,0,0,0,0,1,1,0
6384.5,0,0,1,1,0,1,0
6391.8,1,0,0,1,1,0,0
6396.8,1,1,0,1,1,1,0
6397.9,1,1,1,1,0,0,1
6399.2,1,1,1,1,0,1,1
6403.8,1,1,0,1,1,0,0
6407.2,1,1,1,1,0,0,1
6392.5,1,1,1,1,0,0,1
6396.0,1,0,1,1,0,1,0
6430.4,1,0,0,1,1,1,0
6466.2,1,0,0,1,1,0,0
6498.6,1,1,0,1,1,1,0
6525.8,1,1,0,1,1,0,0
6547.5,1,1,0,1,1,0,0
6566.9,1,1,1,1,0,1,1
6591.5,1,1,1,1,0,1,1
6623.1,1,1,0,1,1,0,0
6648.4,1,1,1,1,0,0,1
6656.3,1,1,0,1,1,1,0
6637.8,1,1,1,0,0,0,1
6633.8,1,1,1,1,0,1,1
6641.8,1,1,1,1,0,1,0
6675.0,1,1,0,1,1,1,0
6718.9,1,1,0,1,1,0,0
6757.4,1,1,0,1,1,0,0
6784.0,1,1,0,1,1,1,0
6789.9,1,1,0,1,1,0,0
6793.5,1,1,0,1,1,0,0
6789.0,1,1,1,0,0,0,0
6784.8,1,1,1,0,0,1,1
6782.4,1,1,0,0,1,0,0
6769.1,1,1,0,0,1,0,0
6733.8,0,1,0,0,1,1,1
6691.7,0,0,1,0,0,0,0
6655.9,0,0,0,0,1,1,0
6620.2,0,0,0,0,1,1,1
6583.3,0,0,1,0,0,1,1
6549.7,0,0,0,0,1,0,1
6516.4,0,0,1,0,0,1,1
6489.6,0,0,0,0,1,0,0
6458.7,0,0,1,0,0,0,1
6427.4,0,0,1,0,0,1,1
6401.8,0,0,1,0,0,0,1
6378.1,0,0,1,0,0,1,1
6356.4,0,0,1,0,0,1,1
6348.6,0,0,1,1,0,0,0
6376.0,0,0,0,1,1,1,0
6407.2,0,0,0,1,1,0,0
6437.8,1,0,0,1,1,1,0
6447.9,1,0,0,1,1,1,0
6450.7,1,1,0,1,1,0,0
6453.1,1,1,1,1,0,1,1
6458.8,1,1,0,0,1,0,0
6461.0,1,1,0,0,1,1,0
6453.9,1,1,0,0,1,1,0
6434.2,1,1,0,0,1,0,1
6394.7,0,1,1,0,0,0,1
6362.4,0,0,1,0,0,1,1
6337.5,0,0,1,0,0,1,1
6343.7,0,0,1,1,0,0,0
6379.6,0,0,0,1,1,1,0
6404.9,0,0,0,1,1,0,0
6409.9,1,0,0,1,1,0,0
6419.4,1,0,0,1,1,1,1
6432.7,1,0,0,1,1,1,0
6447.7,1,1,0,1,1,0,0
6461.2,1,1,1,1,0,0,1
6485.5,1,1,0,1,1,1,0
6499.2,1,1,0,1,1,0,0
6487.8,1,1,0,0,1,1,0
6431.5,0,1,0,0,1,0,1
6364.9,0,0,1,0,0,0,1
6336.1,0,0,1,0,0,0,1
6323.1,0,0,1,0,0,0,1
6323.4,0,0,0,0,1,1,1
6126.2,0,0,1,0,0,0,1
5931.2,0,0,1,0,0,0,1
5714.0,0,0,1,0,0,0,1
5502.7,0,0,0,0,1,1,0
5160.4,0,0,1,0,0,0,1
4834.5,0,0,1,0,0,0,1
4529.0,0,0,0,0,1,1,1
4192.2,0,0,1,0,0,1,1
3844.5,0,0,1,0,0,1,1
3490.2,0,0,1,0,0,0,1
3334.9,0,0,0,0,1,0,1
3177.7,0,0,0,0,1,1,0
3010.4,0,0,1,0,0,0,0
2839.8,0,0,0,0,1,1,1
2803.8,0,0,0,0,1,1,1
2765.2,0,0,1,0,0,0,1
2720.7,0,0,1,0,0,0,1
2690.5,0,0,1,0,0,1,1
2658.9,0,0,0,0,1,0,0
2623.7,0,0,0,0,1,1,0
2584.8,0,0,1,0,0,0,1
2550.7,0,0,1,0,0,1,1
2529.0,0,0,1,0,0,0,1
2510.6,0,0,1,0,0,0,1
2500.2,0,0,1,0,0,0,0
2496.9,0,0,0,0,1,0,0
2498.5,0,0,0,1,1,0,1
2492.9,0,0,0,0,1,0,1
2483.6,0,0,0,0,1,1,1
2474.3,0,0,1,0,0,1,1
2472.9,0,0,0,0,1,1,0
2467.8,0,0,0,0,1,0,0
2459.6,0,0,0,0,1,1,1
2450.8,0,0,0,0,1,1,1
2441.2,0,0,0,0,1,0,0
2432.7,0,0,1,0,0,1,0
2424.6,0,0,0,0,1,0,1
2415.6,0,0,1,0,0,1,1
2413.2,0,0,0,0,1,1,1
2410.8,0,0,1,1,0,1,0
2412.7,0,0,0,1,1,1,0
2420.6,0,0,0,1,1,0,0
2429.9,1,0,0,1,1,0,0
2440.0,1,0,1,1,0,0,0
2451.5,1,0,1,1,0,0,0
2464.7,1,1,1,1,0,0,0
2511.3,1,1,0,1,1,1,0
2561.2,1,1,0,1,1,0,0
2607.7,1,1,0,1,1,0,0
2655.5,1,1,0,1,1,0,0
2696.8,1,1,0,1,1,0,0
2734.2,1,1,1,1,0,0,1
2806.0,1,1,0,1,1,1,1
2886.6,1,1,0,1,1,1,0
2977.1,1,1,0,1,1,0,0
3080.3,1,1,1,1,0,1,0
3166.3,1,1,0,1,1,0,0
3251.7,1,1,0,1,1,0,0
3320.7,1,1,0,1,1,0,0
3389.4,1,1,0,1,1,0,0
3457.5,1,1,0,1,1,0,0
3523.8,1,1,0,1,1,0,0
3555.4,1,1,0,0,1,1,1
3536.6,1,1,1,0,0,0,1
3507.2,1,1,0,0,1,1,1
3428.4,1,1,1,0,0,0,1
3331.6,0,1,1,0,0,1,1
3225.3,0,0,1,0,0,0,1
3143.5,0,0,1,0,0,0,1
3072.6,0,0,1,0,0,0,1
3011.2,0,0,0,0,1,1,0
2938.7,0,0,0,0,1,0,0
2862.9,0,0,1,0,0,0,1
2835.0,0,0,1,0,0,1,1
2807.9,0,0,1,0,0,1,1
2818.1,0,0,0,1,1,0,0
2831.7,0,0,1,1,0,0,0
2854.1,0,0,1,1,0,0,1
2875.4,0,0,1,1,0,1,0
2887.5,0,0,0,1,1,0,0
2886.4,1,0,0,0,1,0,0
2895.2,1,1,1,1,0,1,1
2911.1,1,1,1,1,0,0,1
2925.2,1,1,1,1,0,0,0
2939.1,1,1,1,1,0,0,0
2952.7,1,1,1,1,0,1,0
2974.7,1,1,0,1,1,1,0
3002.9,1,1,0,1,1,1,0
3026.6,1,1,0,1,1,0,0
3061.1,1,1,1,1,0,1,0
3112.3,1,1,0,1,1,1,0
3163.7,1,1,0,1,1,0,0
3204.0,1,1,1,1,0,0,1
3246.3,1,1,1,1,0,0,1
3298.3,1,1,1,1,0,0,1
3363.4,1,1,0,1,1,1,0
3421.1,1,1,1,1,0,1,1
3477.9,1,1,1,1,0,0,1
3541.1,1,1,0,1,1,1,0
3586.9,1,1,0,1,1,1,0
3613.7,1,1,1,1,0,1,1
3643.8,1,1,1,1,0,0,0
3683.9,1,1,1,1,0,0,1
3724.0,1,1,1,1,0,1,1
3754.0,1,1,1,1,0,0,0
3770.7,1,1,1,1,0,1,1
3790.3,1,1,0,1,1,0,1
3806.2,1,1,0,1,1,0,0
3811.6,1,1,0,1,1,0,0
3821.5,1,1,0,1,1,1,1
3837.6,1,1,0,1,1,0,0
3851.1,1,1,0,1,1,0,0
3861.5,1,1,0,1,1,1,0
3863.2,1,1,0,1,1,1,0
3864.6,1,1,0,0,1,0,0
3864.1,1,1,0,0,1,1,0
3851.8,1,1,0,0,1,1,1
3834.4,0,1,1,0,0,0,1
3816.8,0,1,1,0,0,1,1
3804.4,0,0,1,0,0,0,0
3792.2,0,0,1,0,0,1,1
3780.8,0,0,1,0,0,1,1
3769.8,0,0,1,0,0,1,0
3759.8,0,0,1,0,0,0,1
3750.0,0,0,1,0,0,1,1
3741.2,0,0,0,0,1,0,0
3737.1,0,0,0,0,1,1,1
3735.7,0,0,1,1,0,1,1
3736.4,0,0,1,1,0,1,0
3733.2,0,0,0,0,1,0,0
3730.8,0,0,0,0,1,0,0
3728.2,0,0,1,1,0,1,0
3728.9,0,0,1,1,0,0,0
3741.9,1,0,0,1,1,0,0
3755.1,1,0,0,1,1,0,0
3766.9,1,0,1,1,0,1,1
3782.9,1,1,1,1,0,0,1
3799.1,1,1,0,1,1,1,0
3813.3,1,1,0,1,1,0,0
3825.4,1,1,1,1,0,1,1
3838.4,1,1,0,1,1,0,0
3851.4,1,1,1,1,0,0,1
3865.7,1,1,1,1,0,1,0
3875.8,1,1,0,1,1,0,0
3885.8,1,1,0,1,1,0,0
3895.7,1,1,0,1,1,0,0
3905.0,1,1,1,1,0,1,1
3915.9,1,1,1,1,0,1,1
3929.3,1,1,1,1,0,0,0
3959.7,1,1,0,1,1,1,0
3987.8,1,1,0,1,1,0,0
4014.3,1,1,0,1,1,0,0
4034.9,1,1,0,1,1,1,0
4042.7,1,1,0,1,1,0,0
4045.6,1,1,0,0,1,0,0
4047.1,1,1,0,1,1,1,1
4048.1,1,1,1,1,0,1,1
4053.8,1,1,0,1,1,0,0
4056.7,1,1,0,1,1,1,0
4043.2,1,1,1,0,0,0,0
4028.6,0,1,1,0,0,0,0
4015.4,0,0,1,0,0,1,1
4003.4,0,0,1,0,0,0,1
3996.6,0,0,1,0,0,1,1
3994.4,0,0,0,0,1,1,1
3995.4,0,0,0,1,0,0,0
3997.2,0,0,0,1,1,0,0
3992.6,0,0,0,0,1,1,1
3985.6,0,0,1,0,0,0,1
3978.8,0,0,0,0,1,1,1
3973.5,0,0,0,0,1,1,1
3966.9,0,0,0,0,1,0,1
3960.1,0,0,0,0,1,1,0
3953.3,0,0,0,0,1,1,1
3946.6,0,0,0,0,1,0,0
3939.4,0,0,0,0,1,0,1
3930.8,0,0,0,0,1,1,0
3921.9,0,0,0,0,1,0,0
3915.2,0,0,0,0,1,0,0
3907.7,0,0,0,0,1,1,0
3899.4,0,0,0,0,1,0,1
3892.3,0,0,0,0,1,1,1
3884.6,0,0,1,0,0,0,1
3876.6,0,0,0,0,1,1,1
3868.9,0,0,0,0,1,1,1
3861.7,0,0,0,0,1,1,0
3854.9,0,0,1,0,0,0,1
3848.4,0,0,0,0,1,1,1
3842.2,0,0,1,0,0,1,1
3836.7,0,0,0,0,1,0,0
3832.0,0,0,0,0,1,0,1
3827.7,0,0,0,0,1,0,0
3824.1,0,0,0,0,1,1,1
3820.8,0,0,0,0,1,1,1
3816.5,0,0,0,0,0,0,1
3812.4,0,0,1,0,0,0,1
3809.3,0,0,0,0,1,0,1
3805.9,0,0,0,0,1,1,1
3802.7,0,0,1,0,0,1,1
3800.1,0,0,1,0,0,0,0
3799.1,0,0,1,0,0,1,0
3798.4,0,0,0,0,1,0,0
3797.9,0,0,1,0,0,1,1
3798.2,0,0,1,1,0,1,1
3801.7,0,0,0,1,1,0,0
3805.9,1,0,1,1,0,1,1
3812.4,1,0,0,1,1,0,1
3819.5,1,1,1,1,0,0,0
3828.5,1,1,1,1,0,1,1
3839.8,1,1,1,1,0,1,1
3851.5,1,1,1,1,0,0,0
3863.5,1,1,1,1,0,1,1
3875.8,1,1,0,1,1,0,0
3887.9,1,1,1,1,0,0,0
3899.6,1,1,0,1,0,0,0
3910.6,1,1,0,1,0,1,1
3919.3,1,1,1,1,0,1,1
3928.4,1,1,0,1,0,1,1
3935.7,1,1,0,1,1,0,0
3940.4,1,1,1,1,0,0,1
3942.8,1,1,0,1,1,0,0
3944.6,1,1,0,1,1,0,1
3945.9,1,1,0,1,1,0,1
3946.1,1,1,1,0,0,1,1
3944.4,1,1,0,0,1,0,0
3941.9,1,1,0,0,1,1,1
3938.9,0,1,0,0,1,0,0
3934.3,0,1,0,0,1,1,1
3927.2,0,0,1,1,0,0,1
3932.0,0,0,0,1,1,0,0
3935.9,0,0,1,1,0,0,0
3939.4,1,0,0,1,1,0,0
3943.0,1,0,0,1,0,0,0
3947.6,1,0,0,0,1,1,1
3943.1,1,0,0,0,1,0,0
3938.5,1,1,0,0,1,1,1
3881.6,0,0,1,0,0,1,1
3812.8,0,0,1,0,0,0,1
3746.4,0,0,1,0,0,0,1
3666.9,0,0,1,0,0,1,1
3592.2,0,0,0,0,1,0,0
3514.5,0,0,0,0,1,0,1
3435.8,0,0,1,0,0,1,1
3363.7,0,0,1,0,0,0,1
3302.2,0,0,1,0,0,1,1
3242.6,0,0,1,0,0,0,1
3236.9,0,0,1,0,0,1,1
3245.5,0,0,1,1,0,0,0
3267.2,0,0,1,1,0,1,1
3294.1,0,0,1,1,0,1,0
3328.2,0,0,0,1,1,0,0
3371.6,1,0,1,1,0,1,0
3416.4,1,1,1,1,0,0,0
3454.7,1,1,1,1,0,1,1
3493.2,1,1,0,1,1,0,0
3531.9,1,1,1,1,0,1,1
3570.3,1,1,0,1,1,0,0
3607.7,1,1,1,1,0,1,1
3632.5,1,1,1,1,0,0,0
3654.2,1,1,1,1,0,1,0
3668.4,1,1,0,1,1,0,0
3678.0,1,1,0,1,1,1,0
3687.4,1,1,0,1,1,0,0
3696.7,1,1,0,1,1,0,0
3704.4,1,1,0,1,1,0,0
3710.7,1,1,0,1,1,1,0
3715.6,1,1,1,1,0,1,1
3720.2,1,1,0,1,1,0,0
3724.4,1,1,0,1,0,1,1
3727.9,1,1,0,1,1,0,1
3728.4,1,1,0,1,1,1,0
3727.5,1,1,0,0,0,1,0
3726.5,1,1,1,0,0,1,0
3725.7,1,1,1,0,0,0,0
3725.5,1,1,1,1,0,0,0
3731.2,1,1,1,1,0,1,0
3740.7,1,1,1,1,0,0,0
3750.0,1,1,0,1,1,1,1
3759.6,1,1,1,1,0,0,0
3776.3,1,1,0,1,1,1,0
3793.8,1,1,0,1,1,0,0
3811.5,1,1,0,1,0,1,1
3829.2,1,1,0,1,1,1,0
3846.6,1,1,0,1,1,0,0
3863.4,1,1,0,1,1,1,0
3874.3,1,1,0,1,1,0,1
3882.0,1,1,0,1,1,0,0
3889.8,1,1,0,1,0,1,0
3897.3,1,1,0,1,1,0,0
3897.4,1,1,0,0,1,0,0
3896.5,1,1,1,0,0,0,1
3893.2,1,1,0,0,1,1,1
3889.1,1,1,1,0,0,0,1
3884.5,1,1,0,0,1,0,1
3879.8,0,1,0,0,1,1,1
3875.4,0,0,1,0,0,1,0
3874.0,0,0,0,1,1,0,0
3879.0,0,0,0,1,1,0,0
3884.3,0,0,0,1,1,0,0
3889.6,1,0,1,1,0,1,1
3898.6,1,0,0,1,1,0,0
3907.5,1,0,0,1,1,0,0
3914.5,1,1,0,1,1,1,0
3921.2,1,1,0,1,1,0,1
3928.0,1,1,0,1,1,1,0
3934.6,1,1,0,1,1,1,0
3936.9,1,1,0,1,1,1,1
3932.7,1,1,1,0,0,0,1
3928.0,1,1,0,0,1,1,1
3923.3,1,1,0,0,0,1,1
3915.1,0,1,1,0,0,0,0
3909.1,0,0,0,0,0,1,1
3905.8,0,0,1,0,0,1,0
3903.6,0,0,1,0,0,0,0
3901.6,0,0,0,0,0,0,0
3899.7,0,0,0,0,1,1,1
3899.0,0,0,1,0,0,1,1
3898.6,0,0,0,0,0,0,0
3898.4,0,0,1,0,0,1,1
3898.7,0,0,0,1,1,0,0
3899.0,0,0,0,1,1,1,1
3899.5,0,0,1,1,0,0,0
3900.1,0,0,1,1,0,1,1
3900.6,1,0,1,1,0,1,0
3901.1,1,1,0,1,0,0,0
3901.6,1,1,1,1,0,0,0
3902.5,1,1,0,1,0,1,0
3903.2,1,1,1,1,0,0,0
3904.2,1,1,1,1,0,0,1
3905.6,1,1,1,1,0,1,1
3907.2,1,1,0,1,1,1,0
3908.9,1,1,1,1,0,0,1
3911.6,1,1,1,1,0,1,0
3914.2,1,1,0,1,1,0,0
3917.6,1,1,0,1,0,1,1
3921.0,1,1,0,1,1,0,0
3924.1,1,1,0,1,0,0,0
3927.2,1,1,0,1,1,1,0
3929.9,1,1,0,1,1,1,0
3931.6,1,1,0,1,1,0,0
3932.9,1,1,0,1,1,0,1
3933.9,1,1,0,1,1,0,1
3933.6,1,1,0,0,1,0,1
3933.3,1,1,0,0,1,0,0
3917.5,0,1,0,0,1,1,1
3897.1,0,0,1,0,0,0,1
3876.5,0,0,1,0,0,1,1
3854.6,0,0,1,0,0,0,1
3832.5,0,0,1,0,0,0,1
3810.7,0,0,0,0,1,1,1
3785.4,0,0,1,0,0,1,1
3760.1,0,0,0,0,1,1,1
3726.3,0,0,1,0,0,1,1
3692.5,0,0,1,0,0,0,1
3677.0,0,0,1,0,0,0,0
3680.6,0,0,0,1,1,0,0
3699.4,0,0,0,1,1,0,0
3728.1,0,0,1,1,0,0,0
3767.6,1,0,1,1,0,0,0
3817.9,1,0,1,1,0,0,0
3877.1,1,1,0,1,1,0,0
3934.0,1,1,0,1,1,1,0
3997.0,1,1,1,1,0,0,0
4060.0,1,1,0,1,1,0,0
4119.2,1,1,1,1,0,0,0
4163.9,1,1,1,1,0,0,0
4193.6,1,1,1,1,0,0,0
4214.7,1,1,0,1,1,0,0
4214.8,1,1,0,1,1,0,0
4204.2,1,1,1,0,0,0,1
4188.4,1,1,0,0,1,0,0
4171.1,1,1,0,0,1,1,0
4153.4,1,1,1,0,0,1,1
4134.7,0,1,0,0,1,0,0
4115.5,0,0,1,0,0,1,1
4097.2,0,0,1,0,0,1,1
4080.9,0,0,0,0,1,0,0
4063.0,0,0,1,0,0,1,1
4056.7,0,0,1,0,0,1,1
4051.3,0,0,1,0,0,1,0
4046.3,0,0,1,0,0,1,1
4046.5,0,0,1,1,0,1,0
4050.0,0,0,0,1,0,0,0
4054.5,0,0,0,1,1,0,0
4059.5,0,0,1,1,0,1,1
4064.2,1,0,0,1,0,1,1
4066.9,1,1,1,1,0,0,1
4070.6,1,1,1,1,0,1,1
4074.7,1,1,0,1,1,0,0
4077.6,1,1,0,1,0,0,1
4080.1,1,1,1,1,0,1,1
4081.9,1,1,1,1,0,1,1
4083.6,1,1,1,1,0,1,1
4086.6,1,1,0,1,1,0,0
4089.8,1,1,1,1,0,1,1
4093.7,1,1,1,1,0,1,0
4098.2,1,1,0,1,1,1,0
4104.2,1,1,0,1,1,0,0
4109.0,1,1,0,1,1,0,0
4114.2,1,1,1,1,0,0,0
4123.7,1,1,1,1,0,0,1
4135.6,1,1,1,1,0,0,0
4151.5,1,1,1,1,0,1,0
4179.0,1,1,1,1,0,0,0
4223.0,1,1,1,1,0,0,0
4283.8,1,1,1,1,0,0,0
4362.9,1,1,0,1,1,0,0
4460.4,1,1,0,1,1,1,0
4552.3,1,1,0,1,1,0,0
4637.5,1,1,0,1,1,1,1
4718.1,1,1,1,1,0,0,1
4815.5,1,1,1,1,0,0,1
4929.4,1,1,0,1,1,0,1
5050.9,1,1,0,1,1,1,0
5143.2,1,1,0,1,1,1,0
5196.1,1,1,1,1,0,0,0
5247.9,1,1,1,1,0,1,1
5295.2,1,1,1,1,0,0,1
5370.1,1,1,0,1,1,1,0
5467.6,1,1,0,1,1,1,0
5550.8,1,1,1,1,0,0,0
5618.5,1,1,0,1,1,0,0
5663.1,1,1,1,1,0,1,1
5691.5,1,1,0,1,1,0,0
5723.9,1,1,0,1,1,0,0
5777.4,1,1,0,1,1,0,0
5812.1,1,1,0,1,1,1,0
5814.3,1,1,1,1,0,1,1
5804.5,1,1,1,1,0,0,1
5801.5,1,1,0,1,1,0,1
5816.3,1,1,0,1,1,0,0
5826.9,1,1,0,1,1,0,0
5839.1,1,1,0,1,1,0,0
5846.4,1,1,0,1,1,0,0
5859.0,1,1,0,1,1,1,0
5862.3,1,1,1,1,0,1,1
5867.3,1,1,0,1,1,1,0
5889.9,1,1,0,1,1,0,0
5897.5,1,1,0,1,1,0,0
5880.6,1,1,1,0,0,1,1
5859.9,1,1,1,0,0,0,1
5858.8,0,1,1,1,0,0,0
5878.0,1,1,0,1,1,1,0
5903.5,1,0,0,1,1,0,0
5957.1,1,0,1,1,0,0,0
6046.0,1,1,0,1,1,1,0
6156.9,1,1,1,1,0,1,0
6292.1,1,1,0,1,1,0,0
6453.9,1,1,0,1,1,0,0
6621.9,1,1,1,1,0,0,0
6819.6,1,1,1,1,0,0,1
7004.9,1,1,1,1,0,0,0
7201.9,1,1,1,1,0,0,1
7420.7,1,1,0,1,1,1,0
7595.0,1,1,0,1,1,1,0
7725.1,1,1,0,1,1,0,0
7831.9,1,1,0,1,1,0,0
7882.5,1,1,1,1,0,0,1
7926.7,1,1,0,1,1,1,0
7952.8,1,1,0,1,1,0,0
7947.2,1,1,1,0,0,0,1
7934.4,1,1,0,0,1,1,1
7859.7,1,1,1,0,0,1,1
7780.1,0,1,1,0,0,0,1
7720.5,0,0,1,0,0,0,1
7690.1,0,0,1,0,0,0,1
7674.1,0,0,1,1,0,0,0
7721.4,0,0,0,1,1,0,0
7750.2,0,0,0,1,1,1,0
7778.6,0,0,1,1,0,0,1
7822.0,1,0,0,0,1,1,1
7213.4,0,0,1,0,0,0,1
6641.6,0,0,1,0,0,1,1
6053.3,0,0,1,0,0,0,1
5471.5,0,0,1,0,0,1,1
4884.8,0,0,0,0,1,1,1
4277.1,0,0,0,0,1,0,1
3634.1,0,0,0,0,1,1,1
2990.4,0,0,0,0,1,0,1
2357.1,0,0,0,0,1,1,1
1704.8,0,0,1,0,0,0,0
1700.7,0,0,0,0,1,1,1
1684.5,0,0,1,0,0,0,1
1657.9,0,0,1,0,0,0,1
1630.0,0,0,1,0,0,1,1
1600.2,0,0,0,0,1,1,0
1572.7,0,0,0,0,1,1,0
1543.7,0,0,1,0,0,0,1
1518.9,0,0,0,0,1,1,0
1493.8,0,0,0,0,1,1,0
1470.5,0,0,1,0,0,0,1
1455.7,0,0,1,0,0,1,1
1452.1,0,0,1,1,0,1,1
1456.5,0,0,1,1,0,1,1
1455.7,0,0,1,1,0,0,1
1456.3,0,0,0,1,1,1,1
1462.5,0,0,0,1,1,1,0
1468.5,0,0,1,1,0,0,1
1478.9,1,0,1,1,0,0,1
1499.4,1,0,0,1,1,1,1
1529.2,1,1,0,1,1,1,0
1554.3,1,1,1,1,0,0,1
1579.5,1,1,0,1,1,1,0
1596.3,1,1,1,1,0,0,0
1615.7,1,1,1,1,0,0,1
1633.0,1,1,0,1,1,1,0
1648.5,1,1,0,1,1,1,0
1667.4,1,1,0,1,1,1,0
1677.0,1,1,0,1,1,1,0
1674.3,1,1,1,1,0,0,1
1673.0,1,1,1,1,0,0,1
1678.3,1,1,1,1,0,0,1
1684.9,1,1,1,1,0,0,0
1703.2,1,1,0,1,1,1,0
1722.8,1,1,0,1,1,1,0
1732.2,1,1,0,1,1,0,0
1739.2,1,1,1,1,0,0,0
1752.5,1,1,1,1,0,0,1
1777.2,1,1,0,1,1,1,1
1809.7,1,1,0,1,1,1,0
1829.9,1,1,0,1,1,0,0
1839.3,1,1,1,1,0,0,0
1843.1,1,1,0,1,1,0,0
1837.3,1,1,1,0,0,0,1
1828.3,1,1,0,0,1,1,0
1823.2,1,1,0,0,1,0,0
1817.3,1,1,1,0,0,0,0
1806.4,0,1,0,0,1,1,1
1783.3,0,0,1,0,0,0,1
1763.9,0,0,0,0,1,1,1
1748.0,0,0,0,0,1,1,0
1730.6,0,0,0,0,1,0,0
1708.7,0,0,0,0,1,1,1
1683.7,0,0,1,0,0,0,1
1661.9,0,0,0,0,1,1,1
1637.1,0,0,0,0,1,0,0
1612.4,0,0,1,0,0,1,1
1586.1,0,0,0,0,1,0,0
1559.2,0,0,1,0,0,0,1
1530.6,0,0,1,0,0,1,1
1506.9,0,0,1,0,0,0,1
1491.4,0,0,1,0,0,0,1
1484.9,0,0,1,0,0,1,1
1481.2,0,0,0,0,1,1,0
1471.0,0,0,0,0,1,1,0
1461.2,0,0,0,0,1,0,1
1450.2,0,0,1,0,0,0,1
1445.3,0,0,0,0,1,1,1
1444.1,0,0,1,0,0,1,1
1439.7,0,0,1,0,0,0,1
1435.1,0,0,1,1,0,0,1
1433.2,0,0,1,1,0,1,1
1429.4,0,0,1,0,0,1,1
1432.1,0,0,0,1,1,0,1
1442.7,0,0,0,1,1,1,0
1453.3,1,0,0,1,1,1,0
1463.4,1,0,0,1,1,0,0
1469.5,1,1,1,1,0,1,1
1480.2,1,1,0,1,1,0,0
1488.3,1,1,0,1,1,0,0
1492.7,1,1,0,1,1,1,0
1488.1,1,1,1,0,0,0,1
1483.6,1,1,0,0,1,1,0
1472.8,1,1,0,0,1,1,0
1451.4,0,1,1,0,0,0,1
1433.4,0,0,0,0,1,1,1
1416.4,0,0,1,0,0,0,1
1402.5,0,0,1,0,0,1,1
1390.3,0,0,1,0,0,0,1
1385.6,0,0,1,0,0,1,1
1386.7,0,0,0,0,1,0,0
1390.2,0,0,0,1,1,0,0
1388.6,0,0,0,0,1,1,0
1389.0,0,0,0,0,1,1,0
1391.7,0,0,0,1,1,0,0
1394.3,0,0,1,1,0,1,1
1403.2,1,1,1,1,0,0,0
1409.8,1,1,0,1,1,0,0
1412.9,1,1,0,1,1,1,0
1409.7,1,1,0,0,1,1,1
1402.4,1,1,1,0,0,1,0
1395.8,0,1,0,0,1,0,1
1388.3,0,0,0,0,1,1,1
1378.6,0,0,0,0,1,1,1
1366.4,0,0,0,0,1,0,1
1351.5,0,0,1,0,0,0,1
1336.4,0,0,1,0,0,0,1
1322.1,0,0,0,0,1,1,0
1302.8,0,0,1,0,0,0,1
1286.4,0,0,1,0,0,0,1
1273.8,0,0,1,0,0,0,1
1266.7,0,0,1,0,0,1,1
1265.9,0,0,1,1,0,0,0
1273.0,0,0,0,1,1,1,0
1284.5,0,0,0,1,1,0,0
1297.5,1,0,0,1,1,1,0
1305.2,1,0,0,1,1,0,0
1309.9,1,1,1,1,0,1,1
1319.3,1,1,0,1,1,0,0
1324.6,1,1,1,1,0,0,1
1328.9,1,1,0,1,1,1,0
1327.2,1,1,0,0,1,0,0
1321.0,1,1,1,0,0,0,1
1310.4,1,1,1,0,0,1,0
1299.6,0,0,1,0,0,1,1
1292.3,0,0,1,0,0,0,1
1289.8,0,0,0,0,1,1,1
1284.8,0,0,1,0,0,0,1
1280.1,0,0,0,0,1,0,1
1274.9,0,0,1,0,0,1,1
1267.0,0,0,1,0,0,1,1
1261.2,0,0,0,0,1,0,0
1255.5,0,0,0,0,1,1,0
1247.4,0,0,1,0,0,0,0
1239.4,0,0,0,0,1,1,0
1229.4,0,0,1,0,0,0,0
1217.9,0,0,0,0,1,1,1
1206.4,0,0,1,0,0,0,1
1193.6,0,0,1,0,0,1,1
1184.1,0,0,0,0,1,0,1
1174.5,0,0,1,0,0,0,1
1164.4,0,0,0,0,1,1,1
1154.3,0,0,0,0,1,1,0
1144.7,0,0,0,0,1,0,0
1134.6,0,0,0,0,1,1,1
1122.5,0,0,0,0,1,0,1
1107.4,0,0,1,0,0,1,1
1096.2,0,0,1,0,0,0,1
1085.1,0,0,1,0,0,0,1
1074.0,0,0,1,0,0,1,1
1063.8,0,0,1,0,0,0,1
1054.1,0,0,0,0,1,1,1
1044.7,0,0,1,0,0,0,0
1036.2,0,0,1,0,0,0,0
1028.2,0,0,0,0,1,1,0
1022.3,0,0,0,0,1,0,1
1018.3,0,0,1,0,0,0,1
1013.7,0,0,1,0,0,1,1
1011.5,0,0,1,1,0,0,1
1011.8,0,0,1,1,0,1,1
1013.4,0,0,1,1,0,0,1
1017.3,0,0,1,1,0,1,1
1022.7,1,0,1,1,0,1,1
1030.3,1,0,0,0,1,1,0
1030.5,1,0,0,0,1,0,0
1031.0,1,1,1,1,0,1,1
1035.0,1,1,1,1,0,0,0
1040.5,1,1,1,1,0,1,0
1044.5,1,1,1,1,0,0,1
1048.8,1,1,1,1,0,0,1
1054.7,1,1,0,1,1,1,0
1053.4,1,1,0,0,1,0,0
1049.0,1,1,0,0,1,1,0
1039.6,0,0,1,0,0,0,1
1039.2,0,0,1,1,0,0,1
1042.2,0,1,1,1,0,0,1
1047.6,1,1,0,1,1,1,0
1050.6,1,1,0,1,1,0,0
1052.3,1,1,1,1,0,0,1
1053.0,1,1,0,1,1,1,1
1049.8,1,0,0,0,1,1,0
1049.1,1,0,1,1,0,0,1
1051.7,1,0,1,1,0,1,1
1058.0,1,1,0,1,1,1,0
1061.9,1,1,1,1,0,0,1
1065.8,1,1,1,1,0,0,0
1069.6,1,1,0,1,1,0,0
1079.7,1,1,0,1,1,1,0
1090.2,1,1,0,1,1,1,0
1095.1,1,1,1,1,0,0,1
1103.6,1,1,1,1,0,0,1
1117.6,1,1,0,1,1,1,0
1126.0,1,1,0,1,1,0,0
1131.0,1,1,1,1,0,0,1
1139.9,1,1,0,1,1,1,0
1143.9,1,1,0,1,1,0,0
1142.9,1,1,0,0,1,1,1
1134.0,1,1,1,0,0,0,1
1123.6,1,1,1,0,0,0,1
1117.5,0,1,0,0,1,1,1
1106.6,0,1,0,0,1,1,1
1090.2,0,0,0,0,1,0,0
1075.9,0,0,1,0,0,0,1
1066.7,0,0,1,0,0,1,1
1055.9,0,0,0,0,1,0,0
1047.2,0,0,0,0,1,1,0
1038.9,0,0,0,0,1,1,0
1033.2,0,0,1,0,0,0,1
1030.6,0,0,1,0,0,1,1
1028.1,0,0,1,0,0,0,1
1027.0,0,0,0,0,1,0,0
1027.4,0,0,0,0,1,1,0
1028.6,0,0,1,1,0,0,0
1027.7,0,0,0,0,1,1,1
1025.6,0,0,1,0,0,0,0
1024.6,0,0,1,0,0,0,1
1025.0,0,0,0,1,1,1,1
1026.3,0,0,1,1,0,0,0
1030.1,1,1,1,1,0,1,0
1036.2,1,1,0,1,1,1,0
1038.8,1,1,0,1,1,0,0
1040.5,1,1,1,1,0,0,0
1043.7,1,1,0,1,1,1,0
1046.2,1,1,1,1,0,0,1
1051.3,1,1,1,1,0,0,1
1058.9,1,1,1,1,0,0,0
1069.1,1,1,1,1,0,0,0
1083.6,1,1,0,1,1,1,0
1091.7,1,1,0,1,1,0,0
1096.2,1,1,0,1,1,1,0
1104.2,1,1,1,1,0,0,1
1114.2,1,1,1,1,0,0,1
1128.1,1,1,1,1,0,1,0
1146.9,1,1,0,1,1,0,0
1168.6,1,1,0,1,1,0,0
1192.8,1,1,0,1,1,0,0
1218.3,1,1,0,1,1,1,0
1238.3,1,1,0,1,1,1,0
1257.6,1,1,0,1,1,0,0
1275.9,1,1,1,1,0,0,1
1298.5,1,1,0,1,0,1,1
1320.1,1,1,1,1,0,0,1
1339.6,1,1,0,1,1,1,0
1351.5,1,1,1,1,0,1,0
1358.5,1,1,0,1,1,0,0
1359.8,1,1,0,0,1,1,1
1352.5,1,1,0,0,1,0,1
1342.8,1,1,1,0,0,0,1
1338.0,1,1,1,0,0,0,1
1338.1,1,1,1,1,0,1,1
1336.8,0,1,0,0,1,1,0
1330.1,0,0,0,0,1,0,0
1320.2,0,0,0,0,1,0,0
1312.1,0,0,0,0,1,1,1
1299.1,0,0,0,0,1,0,1
1284.7,0,0,1,0,0,1,1
1273.5,0,0,0,0,1,1,1
1263.4,0,0,1,0,0,0,1
1256.5,0,0,0,0,1,1,1
1244.9,0,0,1,0,0,0,1
1231.6,0,0,1,0,0,0,1
1223.4,0,0,1,0,0,0,1
1219.3,0,0,0,0,1,1,0
1212.0,0,0,0,0,1,0,1
1205.4,0,0,1,0,0,1,1
1202.2,0,0,1,1,0,0,1
1204.3,0,0,1,1,0,0,0
1213.7,0,0,0,1,1,0,0
1223.5,1,0,0,1,1,1,0
1232.1,1,0,0,1,1,1,0
1234.9,1,1,1,1,0,0,1
1240.3,1,1,1,1,0,0,1
1247.5,1,1,0,1,1,1,0
1254.8,1,1,0,1,1,0,0
1265.0,1,1,0,1,1,1,0
1271.9,1,1,1,1,0,0,1
1278.7,1,1,0,1,1,1,0
1277.6,1,1,0,0,1,1,1
1266.7,1,1,0,0,1,1,1
1253.6,0,1,1,0,0,0,1
1240.9,0,1,1,0,0,0,1
1223.2,0,0,1,0,0,1,1
1201.2,0,0,1,0,0,0,1
1187.8,0,0,1,0,0,1,1
1179.6,0,0,1,0,0,1,1
1177.1,0,0,0,0,1,1,0
1165.7,0,0,0,0,1,0,0
1153.9,0,0,1,0,0,0,1
1147.9,0,0,0,0,1,1,0
1141.8,0,0,1,0,0,0,1
1140.2,0,0,1,1,0,1,1
1143.0,0,0,0,1,1,0,0
1145.2,0,0,1,1,0,0,1
1144.0,0,0,1,1,0,0,1
1142.9,0,0,1,1,0,1,1
1141.1,0,0,0,0,1,1,0
1141.3,0,0,0,0,1,0,0
1144.1,0,0,1,1,0,1,1
1147.3,1,0,1,1,0,0,1
1158.9,1,0,0,1,1,1,1
1170.0,1,1,0,1,1,1,0
1176.2,1,1,0,1,1,0,0
1181.5,1,1,1,1,0,0,1
1188.4,1,1,1,1,0,1,1
1191.7,1,1,0,1,1,0,0
1191.1,1,1,1,0,0,1,1
1193.1,1,1,1,1,0,0,1
1197.8,1,1,0,1,1,0,0
1199.3,1,1,0,1,1,1,0
1196.2,1,1,0,0,1,0,0
1193.3,1,1,0,0,1,0,0
1193.4,1,1,0,0,1,1,0
1193.1,1,1,0,0,1,1,1
1186.2,0,1,1,0,0,0,1
1179.8,0,0,1,0,0,1,1
1174.8,0,0,1,0,0,1,1
1169.9,0,0,1,0,0,0,1
1163.5,0,0,1,0,0,0,1
1158.9,0,0,0,0,0,0,0
1154.8,0,0,1,0,0,1,1
1150.9,0,0,1,0,0,1,1
1147.9,0,0,1,0,0,0,0
1146.0,0,0,0,0,1,0,0
1147.9,0,0,1,1,0,1,1
1150.9,0,0,1,1,0,0,0
1157.2,1,0,0,1,1,1,0
1162.2,1,0,0,1,1,0,0
1166.6,1,1,1,1,0,0,1
1174.8,1,1,0,1,1,0,0
1182.9,1,1,0,1,1,1,0
1190.7,1,1,1,1,0,0,1
1201.5,1,1,0,1,1,1,0
1209.6,1,1,0,1,1,0,0
1216.8,1,1,1,1,0,1,1
1222.5,1,1,1,1,0,0,1
1229.2,1,1,1,1,0,0,0
1240.3,1,1,0,1,1,1,0
1247.0,1,1,1,1,0,0,0
1251.0,1,1,0,1,1,1,0
1252.7,1,1,0,0,1,1,0
1249.8,1,1,0,0,1,0,1
1241.6,1,1,1,0,0,1,1
1237.3,1,1,1,0,0,0,1
1236.7,0,1,1,1,0,0,1
1240.1,0,1,0,1,1,1,0
1236.9,0,1,0,0,1,0,0
1229.0,0,0,0,0,1,0,1
1225.8,0,0,1,0,0,1,1
1223.2,0,0,1,0,0,0,1
1224.3,0,0,1,1,0,0,1
1230.5,0,0,0,1,1,1,0
1234.5,1,0,1,1,0,0,1
1238.6,1,1,1,1,0,0,1
1243.2,1,1,0,1,1,0,0
1241.7,1,1,0,0,1,1,1
1241.1,1,1,1,0,0,0,0
1242.0,1,1,0,1,1,0,0
1242.4,1,1,0,0,1,1,1
1238.7,1,1,0,0,1,0,1
1232.7,0,1,1,0,0,0,1
1228.0,0,0,1,0,0,1,1
1227.8,0,0,0,0,1,0,0
1226.3,0,0,0,0,0,1,1
1222.1,0,0,1,0,0,0,0
1218.9,0,0,1,0,0,1,1
1219.5,0,0,0,1,1,0,0
1219.6,0,0,0,0,1,0,0
1219.3,0,0,0,0,1,0,0
1219.9,0,0,0,1,1,1,1
1221.3,0,0,1,1,0,1,1
1223.4,1,0,0,0,1,0,0
1222.7,1,1,0,0,1,1,0
1221.6,1,1,1,0,0,0,0
1220.3,0,1,0,0,1,1,0
1218.5,0,1,0,0,1,1,1
1213.1,0,0,0,0,1,0,0
1207.6,0,0,0,0,1,1,1
1201.0,0,0,0,0,1,1,1
1191.7,0,0,1,0,0,0,1
1180.5,0,0,1,0,0,0,1
1166.7,0,0,1,0,0,1,1
1155.0,0,0,0,0,1,1,1
1142.9,0,0,0,0,1,1,0
1130.1,0,0,1,0,0,0,1
1122.5,0,0,1,0,0,1,1
1117.3,0,0,0,0,1,0,0
1111.6,0,0,1,0,0,0,0
1107.3,0,0,1,0,0,0,0
1106.3,0,0,0,0,1,1,1
1107.1,0,0,1,1,0,1,1
1108.8,0,0,0,1,0,1,0
1110.5,0,0,1,1,0,1,1
1114.3,0,0,1,1,0,0,1
1121.0,1,1,0,1,1,1,1
1123.9,1,1,1,1,0,0,0
1126.4,1,1,0,1,1,1,0
1130.1,1,1,1,1,0,0,1
1138.0,1,1,1,1,0,0,0
1152.4,1,1,0,1,1,1,0
1168.5,1,1,0,1,1,1,0
1178.8,1,1,0,1,1,0,0
1186.4,1,1,0,1,1,1,1
1192.9,1,1,0,1,1,0,0
1196.6,1,1,0,1,1,0,0
1198.3,1,1,1,1,0,1,1
1199.3,1,1,1,1,0,1,1
1200.2,1,1,1,1,0,0,1
1199.1,1,1,1,0,0,1,1
1192.9,1,1,1,0,0,0,1
1187.5,0,1,0,0,1,1,1
1186.9,0,0,1,0,0,1,0
1187.0,0,0,0,0,1,0,0
1187.0,0,0,0,0,1,0,0
1187.5,0,0,0,0,1,1,1
1186.4,0,0,0,0,1,1,1
1183.0,0,0,1,0,0,0,1
1179.3,0,0,1,0,0,0,1
1173.9,0,0,0,0,1,0,1
1167.2,0,0,0,0,1,1,1
1158.0,0,0,0,0,1,1,1
1147.5,0,0,0,0,1,0,0
1138.9,0,0,1,0,0,1,1
1130.2,0,0,1,0,0,1,1
1121.7,0,0,1,0,0,0,0
1116.4,0,0,1,0,0,0,0
1112.6,0,0,0,0,1,0,0
1107.7,0,0,1,0,0,1,1
1102.8,0,0,1,0,0,1,1
1099.4,0,0,1,0,0,0,0
1096.3,0,0,0,0,1,0,0
1094.8,0,0,1,0,0,1,1
1093.4,0,0,1,0,0,1,1
1092.8,0,0,1,0,0,1,1
1092.8,0,0,0,0,1,0,0
1092.6,0,0,0,0,0,1,1
1092.5,0,0,0,0,1,0,0
1093.6,0,0,0,1,1,0,0
1094.8,0,0,0,1,1,1,0
1095.1,1,0,0,0,1,0,1
1094.6,1,1,1,0,0,1,1
1094.0,1,1,0,0,1,1,1
1091.1,0,1,1,0,0,0,1
1087.1,0,1,1,0,0,1,1
1082.1,0,0,0,0,1,1,0
1076.2,0,0,1,0,0,0,0
1070.1,0,0,1,0,0,1,1
1064.0,0,0,1,0,0,1,1
1058.0,0,0,0,0,1,0,0
1052.0,0,0,1,0,0,0,0
1046.7,0,0,0,0,1,1,1
1041.5,0,0,1,0,0,0,0
1038.6,0,0,1,0,0,0,0
1035.6,0,0,0,0,1,1,0
1032.6,0,0,0,0,1,0,1
1030.3,0,0,0,0,1,1,1
1028.1,0,0,0,0,1,0,0
1025.3,0,0,1,0,0,0,1
1022.4,0,0,0,0,0,1,1
1019.7,0,0,0,0,1,0,0
1016.9,0,0,1,0,0,1,1
1014.3,0,0,1,0,0,1,1
1011.8,0,0,1,0,0,0,0
1012.2,0,0,1,1,0,1,0
1013.9,0,0,0,1,1,0,0
1016.3,0,0,0,1,1,0,0
1018.4,1,0,0,1,1,1,0
1021.1,1,0,1,1,0,1,1
1024.0,1,1,1,1,0,0,0
1027.2,1,1,1,1,0,0,1
1033.9,1,1,1,1,0,0,0
1045.1,1,1,0,1,1,0,0
1061.5,1,1,0,1,1,1,0
1076.8,1,1,1,1,0,0,0
1092.0,1,1,0,1,1,0,0
1107.7,1,1,0,1,1,1,0
1124.1,1,1,0,1,1,0,0
1140.4,1,1,1,1,0,1,0
1156.6,1,1,0,1,1,0,0
1172.1,1,1,0,1,1,0,0
1183.5,1,1,0,1,1,1,0
1188.8,1,1,1,1,0,1,1
1193.3,1,1,1,1,0,1,0
1197.8,1,1,0,1,1,1,0
1197.2,1,1,0,0,1,0,0
1195.6,1,1,0,0,1,1,1
1193.5,1,1,1,0,0,0,0
1191.1,1,1,1,0,0,1,1
1188.7,1,1,1,0,0,1,1
1186.8,0,1,0,0,1,0,0
1185.5,0,0,0,0,1,1,0
1185.4,0,1,0,0,1,0,0
1179.9,0,0,0,0,1,1,1
1170.6,0,0,1,0,0,1,1
1165.5,0,0,1,0,0,0,0
1160.0,0,0,1,0,0,0,1
1154.7,0,0,0,0,0,1,1
1149.9,0,0,1,0,0,0,1
1145.4,0,0,0,0,0,0,0
1140.8,0,0,1,0,0,0,0
1135.8,0,0,1,0,0,0,0
1130.5,0,0,0,0,1,1,1
1125.6,0,0,1,0,0,1,1
1123.0,0,0,1,0,0,1,1
1120.6,0,0,0,0,0,1,1
1118.9,0,0,0,0,1,0,1
1116.9,0,0,0,0,1,0,1
1113.3,0,0,1,0,0,1,1
1109.4,0,0,1,0,0,0,0
1105.2,0,0,0,0,1,0,1
1101.5,0,0,0,0,1,1,0
1097.6,0,0,1,1,0,0,1
1098.9,0,0,1,1,0,1,1
1100.6,0,0,1,1,0,1,1
1103.1,0,0,0,1,1,0,0
1105.4,0,0,1,1,0,1,1
1109.1,1,0,0,1,1,0,0
1113.2,1,0,1,1,0,1,1
1118.7,1,1,0,1,1,1,1
1125.0,1,1,0,1,1,1,0
1130.9,1,1,1,1,0,0,0
1137.7,1,1,1,1,0,1,1
1141.2,1,1,1,1,0,1,0
1145.0,1,1,0,1,1,0,0
1147.9,1,1,1,1,0,0,0
1154.1,1,1,0,1,1,1,0
1158.4,1,1,1,1,0,0,1
1165.1,1,1,0,1,1,1,0
1169.2,1,1,1,1,0,0,0
1173.1,1,1,0,1,1,0,0
1176.5,1,1,1,1,0,1,1
1181.3,1,1,0,1,1,1,0
1184.0,1,1,0,1,1,0,0
1185.7,1,1,1,1,0,0,0
1193.1,1,1,1,1,0,1,0
1202.5,1,1,0,1,1,1,0
1216.7,1,1,1,1,0,0,0
1235.1,1,1,0,1,1,1,0
1249.8,1,1,0,1,1,0,0
1261.8,1,1,0,1,1,1,0
1270.9,1,1,0,1,1,1,0
1276.8,1,1,0,1,1,0,0
1282.0,1,1,0,1,1,1,0
1283.7,1,1,0,1,1,0,0
1279.8,1,1,0,0,1,0,0
1269.9,1,1,1,0,0,1,1
1254.3,0,1,0,0,1,0,0
1231.5,0,0,1,0,0,1,1
1213.4,0,0,1,0,0,1,1
1197.3,0,0,1,0,0,0,1
1188.4,0,0,1,0,0,1,1
1181.4,0,0,1,0,0,0,1
1179.1,0,0,0,0,1,1,0
1177.2,0,0,0,0,1,0,0
1174.8,0,0,0,0,1,0,0
1171.8,0,0,1,0,0,0,1
1171.0,0,0,1,1,0,1,1
1173.0,0,0,1,1,0,0,1
1176.6,0,0,0,1,1,0,0
1178.8,0,0,0,1,1,1,0
1176.9,0,1,1,0,0,0,1
1176.6,1,1,1,1,0,1,1
1173.4,0,0,0,0,1,0,0
1173.0,0,0,0,0,1,0,0
1172.7,0,0,0,0,1,1,1
1173.8,0,0,0,1,1,1,1
1174.3,0,1,0,1,1,0,0
1173.5,0,0,0,0,1,0,1
1170.1,0,0,1,1,0,0,0
1174.0,0,0,1,1,0,1,0
1184.1,1,1,0,1,1,1,0
1197.5,1,1,0,1,1,1,0
1206.0,1,1,1,1,0,0,0
1218.7,1,1,0,1,1,1,0
1230.1,1,1,0,1,1,1,0
1238.4,1,1,0,1,1,1,0
1240.8,1,1,0,1,1,0,0
1241.5,1,1,1,1,0,1,1
1245.0,1,1,0,0,1,1,0
1239.1,1,1,1,0,0,0,1
1231.3,1,1,1,0,0,1,1
1219.9,0,1,1,0,0,0,1
1218.8,0,1,1,1,0,0,1
1220.6,0,0,0,1,1,0,0
1230.3,0,0,1,1,0,1,0
1246.2,1,0,0,1,1,1,0
1265.0,1,0,1,1,0,0,1
1292.3,1,1,0,1,1,1,0
1314.5,1,1,0,1,1,1,0
1333.8,1,1,0,1,1,0,0
1348.5,1,1,0,1,1,0,0
1358.8,1,1,0,1,1,0,0
1361.7,1,1,1,1,0,0,1
1363.4,1,1,0,0,1,1,0
1356.6,1,1,0,0,1,0,0
1343.4,1,1,0,0,1,1,1
1331.4,0,1,0,0,1,1,1
1310.4,0,0,1,0,0,1,1
1293.9,0,0,0,0,1,0,0
1283.0,0,0,1,0,0,1,1
1272.9,0,0,1,0,0,1,1
1266.0,0,0,1,0,0,0,1
1260.9,0,0,1,0,0,0,0
1250.9,0,0,1,0,0,1,0
1243.1,0,0,1,0,0,0,0
1237.9,0,0,0,0,1,1,1
1230.9,0,0,1,0,0,1,1
1226.4,0,0,1,0,0,1,1
1221.4,0,0,0,0,1,0,0
1216.3,0,0,1,0,0,1,1
1212.2,0,0,0,0,1,0,0
1207.4,0,0,0,0,1,0,0
1201.7,0,0,0,0,1,0,0
1195.6,0,0,0,0,1,1,0
1187.9,0,0,0,0,1,0,1
1179.8,0,0,1,0,0,1,1
1176.2,0,0,1,0,0,1,1
1172.9,0,0,1,0,0,1,1
1169.2,0,0,1,0,0,0,0
1166.7,0,0,0,0,1,0,0
1163.1,0,0,1,0,0,0,0
1159.8,0,0,1,0,0,1,1
1157.1,0,0,1,0,0,1,1
1155.7,0,0,1,0,0,0,0
1155.5,0,0,1,1,0,1,1
1156.8,0,0,1,1,0,1,1
1158.2,0,0,0,1,1,1,0
1159.3,0,0,0,1,1,0,0
1160.1,0,0,1,1,0,0,0
1166.7,1,0,0,1,1,0,0
1179.8,1,1,0,1,1,0,0
1199.4,1,1,0,1,1,1,0
1224.2,1,1,1,1,0,1,0
1250.6,1,1,0,1,1,0,0
1278.2,1,1,1,1,0,1,0
1307.0,1,1,0,1,1,1,0
1335.8,1,1,1,1,0,0,1
1369.9,1,1,1,1,0,0,1
1411.0,1,1,0,1,1,0,0
1448.6,1,1,0,1,1,1,0
1476.9,1,1,1,1,0,1,0
1499.4,1,1,0,1,1,0,0
1517.1,1,1,0,1,1,0,0
1532.2,1,1,1,1,0,1,0
1546.9,1,1,0,1,1,1,0
1560.1,1,1,1,1,0,0,1
1572.7,1,1,0,1,1,1,1
1580.0,1,1,0,1,1,0,1
1580.6,1,1,0,1,0,1,0
1579.0,1,1,0,0,1,0,0
1580.6,1,1,0,1,0,1,0
1581.6,1,1,1,1,0,0,1
1582.4,1,1,0,1,0,1,1
1583.2,1,1,0,1,1,0,1
1583.7,1,1,0,1,0,0,0
1584.2,1,1,0,1,0,1,1
1584.4,1,1,0,1,1,0,0
1584.5,1,1,0,1,0,0,0
1584.5,1,1,0,0,0,1,1
1584.5,1,1,0,0,1,0,0
1584.4,1,1,0,0,0,1,1
1584.3,1,1,0,0,0,0,0
1584.1,1,1,0,0,0,1,1
1583.9,0,1,1,0,0,1,1
1583.7,0,0,0,0,0,0,0
1583.5,0,0,0,0,0,0,1
1583.3,0,0,0,0,1,0,1
1582.8,0,0,1,0,0,1,1
1581.7,0,0,0,0,1,0,1
1580.4,0,0,0,0,1,0,1
1578.6,0,0,0,0,1,0,1
1575.7,0,0,0,0,1,0,0
1572.2,0,0,0,0,1,1,0
1566.0,0,0,1,0,0,0,0
1559.5,0,0,1,0,0,0,1
1553.0,0,0,0,0,1,0,0
1546.2,0,0,1,0,0,1,1
1537.0,0,0,1,0,0,1,1
1528.0,0,0,0,0,1,1,1
1517.8,0,0,1,0,0,1,1
1512.2,0,0,0,0,1,1,1
1507.4,0,0,0,0,1,0,0
1500.9,0,0,1,0,0,1,1
1497.0,0,0,1,0,0,0,0
1493.2,0,0,0,0,1,1,0
1487.7,0,0,0,0,1,0,0
1481.4,0,0,0,0,1,0,1
1477.5,0,0,0,0,1,1,1
1473.2,0,0,0,0,1,0,0
1469.0,0,0,0,0,1,0,0
1458.2,0,0,1,0,0,1,1
1447.4,0,0,1,0,0,1,1
1438.1,0,0,1,0,0,1,1
1428.7,0,0,0,0,1,1,1
1418.9,0,0,1,0,0,0,0
1410.4,0,0,0,0,1,1,0
1401.5,0,0,1,0,0,1,1
1392.9,0,0,0,0,1,0,0
1384.8,0,0,0,0,1,1,1
1375.1,0,0,1,0,0,1,1
1368.8,0,0,1,0,0,0,1
1369.0,0,0,1,1,0,1,0
1371.6,0,0,0,1,1,0,0
1379.8,0,0,1,1,0,0,0
1390.7,1,0,0,1,1,0,0
1400.9,1,0,0,1,1,1,0
1405.7,1,0,0,1,1,0,0
1408.6,1,1,0,1,1,0,0
1411.4,1,1,0,1,1,1,0
1416.9,1,1,1,1,0,1,1
1423.6,1,1,1,1,0,0,1
1431.1,1,1,0,1,1,1,0
1436.0,1,1,0,1,1,0,0
1433.9,1,1,0,0,1,0,0
1428.6,1,1,0,0,1,0,0
1424.0,1,0,0,0,1,1,1
1425.8,1,0,1,1,0,1,1
1430.1,1,1,0,1,1,0,0
1433.5,1,1,0,1,1,0,0
1436.4,1,1,1,1,0,1,1
1437.7,1,1,0,1,1,1,1
1431.8,1,1,1,0,0,0,0
1426.5,0,1,1,0,0,1,0
1427.9,0,0,0,1,1,0,0
1437.6,1,0,0,1,1,1,0
1445.8,1,1,0,1,1,0,0
1453.0,1,1,0,1,1,1,0
1458.6,1,1,0,1,1,1,0
1464.1,1,1,0,1,1,1,0
1468.0,1,1,1,1,0,1,0
1471.6,1,1,0,1,1,1,0
1475.0,1,1,1,1,0,0,0
1479.0,1,1,0,1,1,0,0
1476.9,1,1,0,0,1,1,1
1467.0,1,1,1,0,0,0,0
1457.8,0,1,0,0,1,1,1
1448.7,0,0,1,0,0,1,1
1439.5,0,0,1,0,0,0,1
1434.3,0,0,1,0,0,0,0
1430.9,0,0,1,0,0,0,0
1427.1,0,0,0,0,1,0,1
1423.5,0,0,0,0,1,1,0
1418.5,0,0,0,0,1,0,0
1414.1,0,0,0,0,1,1,1
1409.8,0,0,0,0,1,0,1
1405.2,0,0,0,0,1,1,1
1398.2,0,0,1,0,0,0,1
1392.2,0,0,0,0,1,0,1
1383.5,0,0,1,0,0,1,1
1375.4,0,0,0,0,1,0,1
1367.5,0,0,1,0,0,1,1
1360.4,0,0,1,0,0,0,0
1354.1,0,0,1,0,0,1,1
1347.7,0,0,1,0,0,1,1
1341.8,0,0,1,0,0,1,1
1340.4,0,0,1,1,0,1,0
1344.7,0,0,0,1,1,0,0
1347.8,0,0,1,1,0,0,0
1356.0,0,0,0,1,0,0,0
1364.1,1,0,0,1,1,0,0
1372.0,1,1,0,1,1,1,0
1378.9,1,1,0,1,1,1,0
1385.8,1,1,0,1,1,0,0
1391.6,1,1,0,1,1,1,0
1396.8,1,1,0,1,1,1,0
1396.0,1,1,0,0,1,1,0
1391.8,1,1,1,0,0,0,1
1388.7,1,1,0,0,1,1,1
1379.6,0,1,0,0,1,0,0
1370.1,0,1,1,0,0,1,1
1360.5,0,0,0,0,1,0,0
1350.9,0,0,0,0,1,1,0
1340.8,0,0,1,0,0,1,0
1330.5,0,0,1,0,0,1,1
1320.7,0,0,0,0,1,0,0
1313.1,0,0,1,0,0,1,1
1306.8,0,0,1,0,0,1,1
1301.1,0,0,1,0,0,0,1
1297.9,0,0,1,1,0,0,0
1299.5,0,0,0,1,1,1,0
1300.6,0,0,0,1,1,0,0
1301.2,0,0,0,0,1,1,0
1301.9,0,0,0,1,1,1,0
1303.9,0,0,0,1,1,1,1
1305.6,1,0,0,1,1,0,0
1307.8,1,1,0,1,0,1,0
1309.7,1,1,1,1,0,1,1
1316.1,1,1,1,1,0,1,0
1321.3,1,1,0,1,1,1,0
1321.9,1,1,0,1,1,0,0
1323.2,1,1,0,1,1,1,0
1324.2,1,1,0,1,1,1,0
1325.1,1,1,0,0,1,0,0
1324.8,1,1,0,0,1,1,0
1322.7,1,1,1,0,0,0,1
1320.5,1,1,1,1,0,1,1
1322.9,1,1,1,1,0,1,1
1324.0,1,1,1,1,0,1,1
1327.3,1,1,0,1,1,0,1
1333.9,1,0,0,1,1,0,0
1340.7,1,0,0,1,1,0,0
1348.1,1,1,0,1,1,1,1
1356.0,1,1,0,1,1,0,0
1365.5,1,1,0,1,1,1,1
1376.8,1,1,0,1,1,1,1
1388.4,1,1,0,1,1,0,0
1395.4,1,1,1,1,0,0,0
1398.2,1,1,1,1,0,1,1
1398.2,1,1,1,1,0,1,1
1395.2,1,1,0,0,1,1,1
1392.0,1,1,0,0,1,0,0
1388.7,1,1,1,0,0,1,1
1386.3,1,1,0,0,1,0,0
1383.8,0,1,0,0,1,0,0
1381.3,0,0,0,0,1,0,1
1378.4,0,0,0,0,1,1,1
1375.1,0,0,0,0,1,1,1
1370.4,0,0,0,0,1,0,1
1364.3,0,0,1,0,0,1,1
1357.8,0,0,1,0,0,1,1
1351.5,0,0,1,0,0,0,1
1352.0,0,0,0,1,0,1,1
1352.0,0,0,0,0,1,0,0
1351.9,0,0,1,0,0,1,1
1352.0,0,0,1,1,0,1,1
1352.7,0,0,1,1,0,0,1
1356.5,0,0,0,1,1,0,0
1361.9,1,0,0,1,1,0,0
1368.4,1,1,0,1,1,0,0
1374.3,1,1,1,1,0,1,1
1379.9,1,1,1,1,0,0,0
1379.3,1,1,0,0,1,1,1
1378.4,1,1,0,0,1,1,1
1377.4,1,1,0,0,1,0,1
1376.4,1,1,0,0,1,0,0
1374.3,1,1,0,0,1,1,1
1369.8,0,1,0,0,1,0,0
1364.9,0,0,1,0,0,0,1
1360.5,0,0,1,0,0,1,1
1357.2,0,0,0,0,1,0,0
1353.9,0,0,0,0,1,1,1
1350.4,0,0,0,0,1,0,0
1346.7,0,0,0,0,1,0,1
1343.3,0,0,0,0,1,1,1
1340.0,0,0,0,0,1,0,0
1337.1,0,0,0,0,1,1,0
1333.8,0,0,1,0,0,0,1
1330.3,0,0,0,0,1,1,1
1324.8,0,0,1,0,0,1,1
1319.0,0,0,0,0,1,0,0
1312.9,0,0,1,0,0,0,1
1306.9,0,0,1,0,0,1,1
1301.0,0,0,0,0,1,0,1
1294.7,0,0,1,0,0,1,1
1288.4,0,0,0,0,1,1,1
1281.9,0,0,1,0,0,0,0
1275.7,0,0,1,0,0,0,0
1270.5,0,0,1,0,0,0,1
1266.9,0,0,0,0,1,1,1
1262.7,0,0,0,0,1,0,1
1258.0,0,0,0,0,1,1,1
1245.1,0,0,1,0,0,0,1
1232.6,0,0,1,0,0,1,1
1220.7,0,0,0,0,1,0,1
1207.9,0,0,1,0,0,1,1
1196.3,0,0,1,0,0,0,1
1186.0,0,0,0,0,1,0,0
1175.7,0,0,1,0,0,1,1
1166.1,0,0,1,0,0,0,1
1157.7,0,0,0,0,0,0,1
1150.4,0,0,1,0,0,0,0
1151.5,0,0,0,1,0,1,1
1152.6,0,0,0,1,0,0,0
1153.6,0,0,1,1,0,1,1
1156.9,0,0,1,1,0,1,0
1160.2,0,0,0,1,1,1,0
1162.9,1,0,0,1,1,0,0
1165.8,1,1,0,1,1,0,0
1168.6,1,1,1,1,0,0,1
1176.8,1,1,1,1,0,0,0
1191.0,1,1,0,1,1,0,0
1202.6,1,1,0,1,1,0,0
1213.4,1,1,0,1,1,1,0
1222.7,1,1,0,1,1,0,0
1230.3,1,1,0,1,1,0,0
1237.2,1,1,0,1,1,1,0
1243.1,1,1,0,1,1,0,0
1248.2,1,1,0,1,1,0,0
1252.0,1,1,1,1,0,1,1
1249.6,1,1,1,0,0,0,1
1241.0,1,1,1,0,0,1,1
1234.8,1,1,1,0,0,0,0
1229.3,0,1,1,0,0,1,1
1224.8,0,0,0,0,1,1,1
1220.5,0,0,0,0,1,0,0
1216.3,0,0,1,0,0,1,0
1211.5,0,0,1,0,0,1,1
1206.7,0,0,1,0,0,0,0
1202.7,0,0,0,0,1,1,1
1198.2,0,0,0,0,1,0,1
1193.7,0,0,0,0,1,1,0
1188.6,0,0,1,0,0,1,1
1183.6,0,0,0,0,0,1,1
1179.1,0,0,0,0,1,0,0
1174.5,0,0,0,0,1,1,1
1170.0,0,0,1,0,0,1,1
1166.7,0,0,0,0,0,0,1
1164.1,0,0,0,0,1,0,1
1161.7,0,0,0,0,1,1,1
1160.0,0,0,0,0,1,0,0
1158.2,0,0,0,0,1,1,1
1156.9,0,0,0,0,1,1,1
1155.3,0,0,0,0,1,1,1
1153.5,0,0,1,0,0,1,1
1152.1,0,0,1,0,0,1,1
1151.0,0,0,1,0,0,1,1
1150.1,0,0,1,0,0,1,1
1149.4,0,0,0,0,1,0,0
1148.9,0,0,0,0,0,1,0
1148.5,0,0,1,0,0,0,0
1148.5,0,0,1,1,0,1,1
1148.9,0,0,0,1,0,0,0
1149.6,0,0,0,1,0,0,0
1150.5,1,0,0,1,1,0,0
1151.1,1,1,0,1,1,1,1
1151.3,1,1,0,0,1,0,1
1150.2,1,1,1,0,0,0,1
1148.9,0,1,1,0,0,1,0
1147.3,0,1,0,0,1,1,1
1145.6,0,0,1,0,0,1,1
1143.8,0,0,1,0,0,1,1
1142.1,0,0,1,1,0,0,0
1144.3,0,0,0,1,1,1,0
1146.7,0,0,0,1,1,0,0
1149.3,1,0,0,1,1,0,0
1151.9,1,0,0,1,0,0,0
1155.6,1,0,0,1,1,0,0
1159.1,1,1,0,1,0,1,0
1162.9,1,1,0,1,0,0,0
1166.8,1,1,0,1,1,1,0
1170.5,1,1,0,1,1,0,0
1173.6,1,1,1,1,0,1,1
1172.6,1,1,1,0,0,1,1
1171.9,1,1,1,0,0,0,0
1171.1,1,1,1,0,0,1,1
1170.5,1,1,0,0,1,0,0
1169.8,1,1,0,0,1,0,0
1169.2,1,1,0,0,1,0,0
1168.0,0,0,0,0,1,1,1
1166.6,0,0,0,0,0,0,0
1165.4,0,0,0,0,0,1,1
1164.6,0,0,0,0,1,0,0
1163.7,0,0,0,0,1,1,1
1162.1,0,0,0,0,1,1,0
1160.0,0,0,1,0,0,1,0
1157.9,0,0,1,0,0,1,0
1155.3,0,0,0,0,1,0,1
1151.7,0,0,0,0,1,1,1
1147.5,0,0,0,0,1,0,1
1142.9,0,0,0,0,1,1,1
1138.0,0,0,0,0,1,0,0
1132.3,0,0,1,0,0,1,1
1126.3,0,0,0,0,1,1,1
1119.7,0,0,0,0,1,0,0
1113.3,0,0,1,0,0,1,1
1106.6,0,0,1,0,0,1,1
1102.8,0,0,1,0,0,1,1
1100.3,0,0,0,0,1,0,0
1098.4,0,0,0,0,1,1,0
1096.6,0,0,0,0,1,0,0
1094.7,0,0,0,0,1,1,0
1092.2,0,0,0,0,1,1,1
1090.1,0,0,1,0,0,1,1
1090.0,0,0,1,1,0,0,1
1091.8,0,0,1,1,0,1,1
1094.0,0,0,0,1,1,0,0
1093.6,0,0,1,0,0,1,1
1093.2,0,0,1,1,0,1,1
1094.3,1,0,0,1,1,0,0
1095.7,1,0,0,1,1,0,0
1097.4,1,0,0,1,1,1,0
1100.3,1,1,0,1,1,1,0
1102.7,1,1,0,0,1,0,1
1100.6,1,1,1,0,0,0,1
1097.0,1,1,1,0,0,1,1
1093.2,0,1,0,0,1,0,1
1089.4,0,1,1,0,0,1,1
1085.6,0,0,0,0,1,1,1
1080.8,0,0,0,0,1,0,0
1074.2,0,0,1,0,0,1,0
1066.6,0,0,1,0,0,0,0
1059.1,0,0,1,0,0,1,1
1052.3,0,0,1,0,0,0,1
1048.7,0,0,1,0,0,0,1
1048.6,0,0,1,1,0,1,0
1051.2,0,0,0,1,1,0,0
1057.1,0,0,0,1,1,0,0
1062.6,1,0,0,1,1,0,0
1068.0,1,0,0,1,1,0,0
1074.0,1,0,0,1,1,1,0
1080.8,1,1,0,1,1,0,0
1086.4,1,1,0,1,1,1,0
1091.2,1,1,0,1,1,1,1
1095.8,1,1,0,1,1,0,0
1094.7,1,1,0,0,1,1,1
1088.8,1,1,1,0,0,1,1
1080.6,1,1,1,0,0,0,1
1076.4,0,1,1,0,0,1,1
1072.5,0,0,1,0,0,0,1
1070.1,0,0,0,0,1,0,0
1066.9,0,0,0,0,1,0,1
1064.9,0,0,0,0,1,0,0
1063.3,0,0,0,0,1,1,1
1061.6,0,0,1,1,0,1,1
1063.9,0,0,1,1,0,1,1
1069.1,0,0,0,1,1,0,0
1073.6,1,1,0,1,1,1,0
1074.2,1,1,0,0,1,0,0
1072.8,1,1,0,0,1,0,0
1070.7,1,1,1,0,0,1,1
1069.5,1,1,0,0,1,0,0
1067.9,0,1,0,0,1,0,1
1066.5,0,1,0,0,1,0,0
1064.9,0,1,1,0,0,1,1
1061.9,0,0,1,1,0,0,1
1061.9,0,0,1,0,0,0,0
1061.1,0,0,0,0,1,1,0
1057.8,0,0,1,0,0,0,0
1056.3,0,0,0,0,1,0,0
1055.3,0,0,0,0,1,0,0
1052.9,0,0,1,0,0,0,1
1050.8,0,0,0,0,1,1,1
1048.3,0,0,0,0,1,0,1
1045.1,0,0,1,0,0,1,1
1040.9,0,0,0,0,1,1,1
1032.9,0,0,0,0,1,0,1
1025.5,0,0,1,0,0,1,1
1020.8,0,0,0,0,0,1,1
1016.2,0,0,0,0,0,0,1
1011.7,0,0,1,0,0,0,0
1009.0,0,0,0,0,0,0,0
1006.5,0,0,0,0,1,1,1
1004.5,0,0,1,0,0,0,0
1003.8,0,0,0,0,1,0,0
1003.5,0,0,0,0,1,1,1
1002.8,0,0,1,0,0,0,1
1001.8,0,0,1,0,0,1,1
1000.7,0,0,0,0,1,0,0
999.2,0,0,1,0,0,1,1
997.4,0,0,1,0,0,0,1
994.9,0,0,0,0,1,1,1
992.1,0,0,1,0,0,0,1
989.0,0,0,0,0,1,1,0
985.3,0,0,0,0,1,1,1
981.1,0,0,1,0,0,0,0
977.3,0,0,0,0,1,1,1
973.7,0,0,0,0,1,0,1
970.0,0,0,1,0,0,0,1
966.1,0,0,0,0,1,1,1
962.0,0,0,1,0,0,0,0
958.4,0,0,0,0,1,1,1
954.9,0,0,0,0,1,1,1
951.5,0,0,1,0,0,0,0
948.5,0,0,1,0,0,1,1
945.7,0,0,0,0,1,1,1
942.2,0,0,0,0,1,1,0
938.6,0,0,0,0,1,0,0
933.9,0,0,1,0,0,1,1
929.5,0,0,1,0,0,1,1
925.8,0,0,1,0,0,1,1
922.3,0,0,1,0,0,0,0
918.8,0,0,1,0,0,1,0
918.2,0,0,1,1,0,0,0
921.6,0,0,0,1,1,0,0
928.9,0,0,0,1,1,1,0
934.1,1,0,0,1,1,0,0
939.6,1,0,0,1,1,0,0
945.9,1,1,0,1,1,1,0
952.4,1,1,0,1,1,0,0
958.5,1,1,0,1,1,0,0
964.1,1,1,0,1,1,0,0
969.8,1,1,0,1,1,1,0
972.3,1,1,0,1,1,0,0
970.7,1,1,0,0,1,1,1
964.6,1,1,0,0,1,1,0
959.5,1,1,0,0,1,1,1
953.9,0,1,1,0,0,1,1
948.8,0,0,1,0,0,1,1
944.2,0,0,1,0,0,1,1
940.8,0,0,1,0,0,0,1
938.2,0,0,1,0,0,1,1
935.8,0,0,1,0,0,0,0
934.4,0,0,1,1,0,0,0
937.7,0,0,0,0,1,1,0
938.3,0,0,0,1,1,1,1
940.7,0,0,0,1,1,1,0
943.5,1,0,0,1,1,0,0
945.9,1,1,0,1,1,0,0
947.8,1,1,0,0,1,1,1
945.0,1,1,1,0,0,1,1
941.7,1,1,0,0,1,0,1
938.2,0,1,1,0,0,0,0
934.2,0,1,1,0,0,1,1
924.8,0,0,1,0,0,1,1
919.2,0,0,0,0,1,0,0
913.5,0,0,0,0,0,1,1
908.0,0,0,1,0,0,1,1
902.8,0,0,0,0,1,0,1
897.6,0,0,0,0,0,1,1
896.1,0,0,0,0,1,0,0
894.5,0,0,1,0,0,0,1
892.7,0,0,1,0,0,1,1
891.0,0,0,0,0,1,0,1
889.8,0,0,0,0,1,0,1
887.9,0,0,0,0,1,1,1
884.1,0,0,1,0,0,0,1
879.5,0,0,1,0,0,1,1
875.5,0,0,0,0,1,0,0
870.9,0,0,0,0,1,0,0
866.2,0,0,1,0,0,1,1
861.3,0,0,0,0,1,0,1
856.3,0,0,0,0,0,1,1
851.3,0,0,1,0,0,1,1
848.9,0,0,1,0,0,1,0
849.0,0,0,0,1,1,0,0
855.1,0,0,1,1,0,1,0
863.5,1,0,0,1,1,1,0
871.0,1,0,0,1,1,0,0
879.1,1,1,0,1,1,0,0
886.0,1,1,0,1,1,1,0
892.9,1,1,1,1,0,1,1
900.9,1,1,0,1,1,0,0
908.5,1,1,1,1,0,1,1
915.3,1,1,1,1,0,1,0
922.6,1,1,0,1,1,1,0
926.2,1,1,0,1,1,1,0
929.3,1,1,0,1,1,0,0
932.7,1,1,1,1,0,1,1
938.0,1,1,1,1,0,0,0
949.3,1,1,0,1,1,1,0
960.3,1,1,0,1,1,1,0
970.5,1,1,0,1,1,0,0
980.9,1,1,1,1,0,0,1
993.3,1,1,1,1,0,1,1
1004.1,1,1,0,1,1,0,0
1015.6,1,1,1,1,0,0,1
1030.1,1,1,0,1,1,0,0
1049.3,1,1,0,1,1,1,0
1070.4,1,1,1,1,0,0,0
1090.3,1,1,1,1,0,0,0
1116.3,1,1,0,1,1,1,0
1144.7,1,1,1,1,0,0,0
1179.6,1,1,0,1,1,1,0
1206.2,1,1,1,1,0,0,0
1232.6,1,1,1,1,0,0,1
1264.0,1,1,1,1,0,0,1
1297.9,1,1,1,1,0,0,0
1334.3,1,1,0,1,1,0,0
1374.5,1,1,0,1,1,1,0
1405.8,1,1,1,1,0,1,0
1433.9,1,1,0,1,1,0,0
1452.6,1,1,0,1,1,0,0
1464.8,1,1,0,1,1,1,0
1474.7,1,1,0,1,1,0,0
1483.5,1,1,0,1,1,0,0
1486.4,1,1,1,1,0,0,1
1482.8,1,1,0,0,1,1,1
1465.1,1,1,0,0,1,0,0
1436.2,0,1,1,0,0,1,0
1406.9,0,0,1,0,0,0,1
1376.4,0,0,1,0,0,1,1
1353.7,0,0,0,0,1,1,0
1325.9,0,0,0,0,1,1,0
1299.7,0,0,1,0,0,0,1
1271.9,0,0,1,0,0,0,1
1243.0,0,0,0,0,1,1,1
1208.7,0,0,1,0,0,0,1
1185.3,0,0,1,0,0,1,1
1165.0,0,0,0,0,1,0,0
1148.2,0,0,0,0,1,1,0
1126.7,0,0,1,0,0,0,1
1104.5,0,0,1,0,0,0,1
1091.2,0,0,1,0,0,0,1
1088.2,0,0,1,1,0,0,0
1092.8,0,0,0,1,1,1,0
1099.0,0,0,1,1,0,1,0
1111.1,0,0,0,1,1,1,0
1116.6,0,0,0,1,1,0,0
1120.3,1,0,0,1,1,1,0
1125.2,1,0,1,1,0,0,1
1136.8,1,1,0,1,1,1,0
1148.3,1,1,0,1,1,1,0
1152.3,1,1,0,1,1,1,0
1150.8,1,1,0,0,1,1,1
1138.7,1,1,1,0,0,0,1
1128.8,0,1,1,0,0,0,1
1123.3,0,1,0,0,1,1,1
1117.8,0,0,1,0,0,0,0
1115.5,0,0,0,0,1,0,0
1112.8,0,0,0,0,1,1,0
1105.4,0,0,1,0,0,0,1
1099.7,0,0,0,0,0,1,1
1097.9,0,0,0,0,1,1,0
1095.3,0,0,1,0,0,0,1
1098.6,0,0,0,1,1,1,0
1098.4,0,0,0,0,1,1,0
1091.2,0,0,0,0,1,0,1
1084.1,0,0,1,0,0,1,1
1074.9,0,0,1,0,0,0,1
1067.0,0,0,0,0,1,1,1
1059.6,0,0,0,0,1,0,0
1048.2,0,0,1,0,0,0,1
1037.7,0,0,1,0,0,0,1
1029.9,0,0,1,0,0,1,1
1021.6,0,0,0,0,1,0,0
1013.3,0,0,1,0,0,0,1
1007.4,0,0,1,0,0,0,1
1005.5,0,0,0,0,1,1,0
1003.5,0,0,1,0,0,1,1
1001.8,0,0,1,1,0,0,0
1004.3,0,0,1,1,0,0,0
1013.7,0,0,0,1,1,1,0
1024.9,1,0,0,1,1,1,0
1032.7,1,1,1,1,0,0,0
1042.4,1,1,0,1,1,1,0
1053.5,1,1,0,1,1,0,0
1062.8,1,1,0,1,1,1,0
1070.2,1,1,0,1,1,1,0
1078.8,1,1,1,1,0,0,0
1087.4,1,1,1,1,0,0,1
1097.8,1,1,1,1,0,1,0
1104.5,1,1,0,1,1,0,0
1106.5,1,1,0,1,1,1,0
1110.7,1,1,0,1,1,1,0
1109.2,1,1,1,0,0,0,1
1107.7,1,1,1,0,0,1,1
1108.7,1,1,1,1,0,0,1
1110.4,1,1,0,1,1,0,0
1111.6,1,1,0,0,1,1,0
1110.7,1,1,0,0,1,0,0
1104.3,0,1,1,0,0,1,1
1096.8,0,0,0,0,1,1,1
1090.7,0,0,0,0,1,0,0
1083.6,0,0,1,0,0,1,1
1079.9,0,0,1,0,0,0,1
1076.5,0,0,1,0,0,1,1
1072.2,0,0,1,0,0,0,1
1067.9,0,0,1,0,0,0,1
1067.7,0,0,1,1,0,1,0
1073.0,0,0,0,1,1,1,0
1080.3,0,0,0,1,1,1,0
1086.4,1,0,0,1,1,0,0
1092.6,1,0,1,1,0,0,0
1102.2,1,1,1,1,0,0,1
1117.6,1,1,0,1,1,1,0
1133.1,1,1,1,1,0,0,0
1152.3,1,1,1,1,0,1,0
1172.1,1,1,0,1,1,1,0
1186.0,1,1,0,1,1,0,0
1194.3,1,1,1,1,0,0,1
1204.0,1,1,1,1,0,0,1
1216.4,1,1,0,1,1,1,0
1226.1,1,1,1,1,0,0,0
1234.3,1,1,0,1,1,1,0
1235.2,1,1,0,0,1,1,0
1233.5,1,1,0,0,1,0,1
1225.5,1,1,1,0,0,0,1
1220.1,1,1,0,0,1,1,1
1216.4,0,1,1,0,0,0,1
1217.4,0,1,0,0,1,1,0
1213.6,0,0,0,0,1,0,0
1205.7,0,0,1,0,0,0,1
1202.9,0,0,1,0,0,1,1
1199.9,0,0,1,1,0,0,0
1204.3,0,0,0,1,1,1,0
1208.3,0,0,1,1,0,0,0
1218.2,1,0,0,1,1,1,0
1224.0,1,0,0,1,1,1,0
1227.0,1,1,0,1,1,1,0
1226.6,1,1,1,1,0,0,1
1234.2,1,1,1,1,0,1,0
1250.7,1,1,0,1,1,1,0
1262.1,1,1,1,1,0,0,0
1273.5,1,1,0,1,1,1,0
1273.8,1,1,0,0,1,0,0
1274.8,1,1,1,1,0,0,1
1275.1,1,1,0,1,0,0,0
1276.0,1,1,0,0,1,1,0
1275.8,1,1,1,1,0,0,1
1278.8,1,1,1,1,0,0,1
1281.4,1,1,1,1,0,1,1
1278.2,1,1,1,1,0,0,0
1284.4,1,1,0,1,1,1,0
1289.4,1,0,0,1,1,0,0
1300.6,1,1,1,1,0,1,1
1318.2,1,1,0,1,1,1,0
1331.1,1,1,0,1,1,1,0
1338.9,1,1,0,1,1,0,0
1345.7,1,1,0,1,1,1,0
1345.4,1,1,1,1,0,0,0
1340.7,1,1,0,0,1,1,0
1330.1,1,1,1,0,0,0,1
1318.5,0,1,1,0,0,1,1
1311.6,0,1,1,0,0,1,1
1304.3,0,1,1,0,0,0,1
1298.3,0,0,1,0,0,1,1
1297.2,0,0,0,0,1,1,0
1295.3,0,0,0,0,1,0,0
1298.1,0,0,1,1,0,1,1
1306.6,0,0,0,1,1,0,0
1312.2,1,0,0,1,1,1,0
1323.0,1,1,1,1,0,0,1
1335.0,1,1,1,1,0,1,0
1346.7,1,1,0,1,1,1,0
1353.1,1,1,1,1,0,0,1
1358.8,1,1,1,1,0,0,0
1368.7,1,1,0,1,1,0,0
1391.4,1,1,1,1,0,1,0
1422.0,1,1,0,1,1,1,0
1446.9,1,1,0,1,1,1,0
1467.6,1,1,1,1,0,0,0
1495.4,1,1,1,1,0,1,1
1522.5,1,1,0,1,1,1,0
1540.2,1,1,1,1,0,0,0
1568.4,1,1,0,1,1,1,0
1585.7,1,1,0,1,1,0,0
1594.5,1,1,0,1,1,1,0
1590.2,1,1,1,1,0,0,1
1585.2,1,1,1,0,0,1,1
1588.6,1,1,0,1,1,1,1
1596.6,1,1,0,1,1,0,0
1593.9,1,1,1,0,0,0,1
1587.4,1,1,1,0,0,0,1
1588.7,1,1,1,1,0,1,1
1590.0,1,0,1,1,0,0,0
1604.7,1,0,0,1,1,0,0
1629.5,1,1,0,1,1,0,0
1660.5,1,1,1,1,0,0,0
1693.1,1,1,1,1,0,0,0
1730.5,1,1,1,1,0,1,1
1777.7,1,1,0,1,1,1,0
1820.0,1,1,0,1,1,0,0
1833.5,1,1,0,1,1,1,0
1838.4,1,1,0,1,1,0,0
1836.7,1,1,1,0,0,1,1
1826.8,1,1,1,0,0,0,1
1808.6,1,1,1,0,0,0,1
1797.5,1,1,1,0,0,0,1
1786.0,0,1,0,0,1,1,0
1759.2,0,1,0,0,1,0,0
1722.3,0,0,0,0,1,1,0
1689.5,0,0,1,0,0,0,1
1685.2,0,0,0,0,1,1,0
1683.1,0,0,1,1,0,0,1
1684.2,0,0,1,1,0,1,1
1692.0,0,0,0,1,1,1,0
1694.4,0,0,1,1,0,0,0
1691.1,0,0,1,1,0,0,1
1688.6,0,0,1,1,0,0,0
1701.6,1,0,0,1,1,1,0
1719.1,1,0,1,1,0,1,0
1745.3,1,1,0,1,1,0,0
1778.1,1,1,1,1,0,0,1
1825.0,1,1,0,1,1,1,0
1874.3,1,1,1,1,0,0,0
1926.3,1,1,1,1,0,0,1
1994.5,1,1,0,1,1,0,0
2069.1,1,1,1,1,0,1,0
2137.3,1,1,0,1,1,1,0
2189.7,1,1,0,1,1,0,0
2233.0,1,1,0,1,1,1,0
2266.0,1,1,0,1,1,0,0
2286.3,1,1,1,1,0,0,1
2307.7,1,1,1,1,0,1,1
2331.0,1,1,1,1,0,0,1
2355.9,1,1,1,1,0,0,0
2381.0,1,1,0,1,1,1,0
2408.8,1,1,0,1,1,1,0
2422.7,1,1,1,1,0,0,0
2451.1,1,1,0,1,1,1,0
2477.3,1,1,1,1,0,0,0
2510.7,1,1,1,1,0,0,1
2561.1,1,1,1,1,0,1,1
2612.3,1,1,0,1,1,0,0
2670.7,1,1,0,1,1,1,0
2719.4,1,1,1,1,0,0,0
2770.9,1,1,0,1,1,0,0
2827.2,1,1,0,1,1,1,0
2909.7,1,1,1,1,0,1,0
2998.6,1,1,0,1,1,1,0
3109.5,1,1,0,1,1,0,0
3234.1,1,1,0,1,1,1,0
3344.4,1,1,0,1,1,1,0
3424.0,1,1,0,1,1,0,0
3483.5,1,1,0,1,1,1,0
3525.0,1,1,0,1,1,0,0
3538.0,1,1,0,1,1,0,0
3531.3,1,1,0,0,1,1,0
3500.7,1,1,1,0,0,0,1
3466.1,1,1,0,0,1,1,1
3410.1,0,1,0,0,1,1,0
3325.5,0,1,0,0,1,0,0
3231.2,0,0,1,0,0,0,1
3168.1,0,0,1,0,0,0,1
3125.8,0,0,0,0,1,1,0
3087.3,0,0,1,0,0,0,0
3059.7,0,0,1,0,0,1,1
3038.8,0,0,1,0,0,0,1
3039.0,0,0,0,0,1,1,0
3019.6,0,0,1,0,0,0,1
3018.9,0,0,0,0,1,1,1
3028.1,0,0,1,1,0,0,1
3054.2,0,0,0,1,1,1,0
3054.4,0,0,0,0,1,0,1
3029.9,0,0,0,0,1,0,1
3015.3,0,0,1,0,0,0,1
3016.2,0,1,1,1,0,1,1
3020.4,0,1,0,0,1,1,0
3008.7,0,0,0,0,1,1,0
2991.9,0,0,0,0,1,0,1
2960.1,0,0,1,0,0,0,1
2945.6,0,0,1,0,0,1,1
2926.1,0,0,0,0,1,0,0
2913.7,0,0,0,0,1,0,0
2910.4,0,0,1,1,0,0,1
2922.9,0,0,1,1,0,1,1
2935.8,0,0,1,1,0,1,0
2958.2,1,0,0,1,1,0,0
3001.5,1,0,0,1,1,0,0
3072.7,1,1,0,1,1,1,0
3137.1,1,1,1,1,0,0,0
3204.1,1,1,0,1,1,1,0
3268.4,1,1,0,1,1,1,0
3329.7,1,1,1,1,0,0,1
3403.0,1,1,1,1,0,0,1
3480.3,1,1,1,1,0,1,1
3559.4,1,1,1,1,0,1,0
3634.8,1,1,1,1,0,0,0
3713.1,1,1,0,1,1,0,0
3799.3,1,1,0,1,1,1,0
3896.6,1,1,0,1,1,1,0
3963.8,1,1,1,1,0,0,1
4049.5,1,1,0,1,1,1,0
4141.2,1,1,0,1,1,1,0
4205.4,1,1,0,1,1,0,0
4239.1,1,1,1,1,0,0,0
4264.3,1,1,1,1,0,1,1
4286.0,1,1,0,1,1,1,0
4277.8,1,1,1,0,0,0,1
4252.2,1,1,0,0,1,1,0
4219.4,1,1,1,0,0,0,1
4220.9,1,1,0,0,1,0,0
4184.8,0,1,0,0,1,0,0
4143.1,0,0,1,0,0,0,1
4119.2,0,0,1,0,0,0,1
4101.1,0,0,1,0,0,0,1
4085.0,0,0,1,1,0,0,1
4080.9,0,0,1,1,0,1,1
4103.1,0,0,1,1,0,0,0
4139.8,0,0,0,1,1,0,0
4202.6,1,0,1,1,0,1,0
4264.7,1,0,0,1,1,1,0
4329.1,1,1,0,1,1,0,0
4384.8,1,1,1,1,0,0,0
4440.1,1,1,1,1,0,0,1
4518.8,1,1,1,1,0,1,1
4602.6,1,1,1,1,0,1,1
4672.9,1,1,1,1,0,0,0
4726.2,1,1,1,1,0,0,1
4773.7,1,1,0,1,1,1,0
4786.6,1,1,0,1,1,0,0
4774.2,1,1,1,0,0,1,1
4792.5,1,1,0,1,1,1,0
4810.5,1,1,0,1,1,0,0
4826.8,1,1,0,1,1,1,0
4826.9,1,1,0,0,1,1,0
4802.1,1,1,0,0,1,0,0
4762.5,0,1,1,0,0,0,1
4746.5,0,1,1,0,0,1,1
4731.0,0,0,0,0,1,1,1
4726.6,0,0,1,0,0,0,1
4730.5,0,0,0,1,1,1,0
4719.3,0,0,1,1,0,0,1
4740.6,0,0,1,1,0,0,0
4781.2,1,0,0,1,1,0,0
4848.0,1,0,0,1,1,0,0
4953.3,1,1,1,1,0,1,0
5090.6,1,1,0,1,1,1,0
5220.0,1,1,0,1,1,1,0
5307.5,1,1,1,1,0,0,0
5411.4,1,1,1,1,0,0,1
5542.4,1,1,0,1,1,0,1
5690.2,1,1,0,1,1,1,0
5795.8,1,1,0,1,1,1,0
5854.7,1,1,0,1,1,0,0
5864.3,1,1,0,0,1,1,1
5820.6,1,1,1,0,0,0,1
5747.2,1,1,1,0,0,1,1
5643.6,1,1,0,0,1,1,1
5549.9,0,1,1,0,0,0,1
5467.4,0,1,1,0,0,1,1
5371.1,0,0,1,0,0,1,1
5282.5,0,0,1,0,0,0,1
5243.7,0,0,1,0,0,1,1
5253.7,0,0,1,1,0,1,0
5304.8,0,0,0,1,1,0,0
5409.4,0,0,1,1,0,1,0
5535.9,1,0,1,1,0,0,1
5710.1,1,0,0,1,1,1,1
5921.4,1,1,0,1,1,0,0
6139.3,1,1,1,1,0,1,1
6349.8,1,1,1,1,0,0,0
6564.4,1,1,0,1,1,1,0
6732.7,1,1,0,1,1,0,0
6853.3,1,1,1,1,0,0,1
6987.7,1,1,1,1,0,1,1
7119.5,1,1,0,1,1,0,0
7265.5,1,1,1,1,0,1,1
7390.4,1,1,1,1,0,0,0
7537.2,1,1,0,1,1,0,0
7696.0,1,1,0,1,1,0,0
7890.7,1,1,0,1,1,0,0
8099.1,1,1,1,1,0,1,0
8370.9,1,1,1,1,0,0,1
8720.0,1,1,0,1,1,0,0
9070.1,1,1,0,1,1,0,0
9410.5,1,1,1,1,0,0,1
9827.9,1,1,0,1,1,1,0
10200.1,1,1,0,1,1,1,0
10483.2,1,1,1,1,0,0,1
10777.4,1,1,1,1,0,1,1
11069.4,1,1,0,1,1,1,0
11276.9,1,1,0,1,1,0,0
11416.8,1,1,0,1,1,1,0
11456.6,1,1,0,0,1,1,0
11412.7,1,1,1,0,0,1,1
11304.5,1,1,1,0,0,0,1
11135.7,1,1,1,0,0,0,1
11051.4,0,1,1,0,0,1,1
11067.5,0,1,0,0,1,1,1
11005.7,0,0,0,0,1,1,0
10849.7,0,0,0,0,1,0,0
10721.2,0,0,1,0,0,0,1
10672.8,0,0,1,0,0,1,1
10688.1,0,0,1,1,0,0,1
10806.1,0,0,1,1,0,0,0
11031.3,1,0,0,1,1,0,0
11270.7,1,1,0,1,1,0,0
11523.8,1,1,0,1,1,0,0
11773.6,1,1,1,1,0,1,0
12096.7,1,1,1,1,0,0,0
12526.7,1,1,1,1,0,0,1
13048.6,1,1,0,1,1,1,0
13593.0,1,1,0,1,1,1,0
14066.8,1,1,0,1,1,0,0
14479.5,1,1,0,1,1,1,0
14761.9,1,1,1,1,0,0,0
15034.7,1,1,1,1,0,1,1
15271.8,1,1,0,1,1,1,0
15395.2,1,1,1,1,0,0,1
15531.3,1,1,0,1,1,1,0
15570.0,1,1,0,0,1,1,1
15465.0,1,1,1,0,0,0,1
15355.0,1,1,1,0,0,0,1
15378.0,1,1,0,1,1,0,0
15462.0,1,1,1,1,0,1,0
15682.0,1,1,0,1,1,1,0
15928.0,1,1,0,1,1,0,0
16219.0,1,1,0,1,1,1,0
16500.0,1,1,0,1,1,1,0
16637.0,1,1,1,1,0,0,1
16900.0,1,1,0,1,1,1,0
17165.0,1,1,0,1,1,1,0
17280.0,1,1,0,1,1,0,0
17253.0,1,1,1,1,0,0,1
17251.0,1,1,1,1,0,1,1
17252.0,1,1,1,1,0,1,1
17234.0,1,1,0,0,1,1,0
17058.0,1,1,0,0,1,1,0
16875.0,0,1,1,0,0,0,1
16842.0,0,0,1,1,0,0,1
16806.0,0,0,1,1,0,1,1
16916.0,0,0,1,1,0,0,0
17198.0,1,0,0,1,1,1,0
17638.0,1,1,1,1,0,0,0
18102.0,1,1,0,1,1,0,0
18583.0,1,1,0,1,1,1,0
18967.0,1,1,1,1,0,0,0
19543.0,1,1,0,1,1,1,0
20227.0,1,1,0,1,1,1,0
20733.0,1,1,0,1,1,0,0
21052.0,1,1,1,1,0,0,0
21342.0,1,1,1,1,0,1,1
21613.0,1,1,0,1,1,1,0
21694.0,1,1,0,0,1,0,1
21571.0,1,1,0,0,1,0,1
21293.0,1,1,1,0,0,0,1
21088.0,1,1,0,0,1,1,0
20679.0,0,1,0,0,1,0,0
20162.0,0,0,1,0,0,1,0
19668.0,0,0,1,0,0,0,1
19198.0,0,0,1,0,0,0,1
18740.0,0,0,1,0,0,0,1
18293.0,0,0,1,0,0,0,1
17933.0,0,0,0,0,1,1,0
17628.0,0,0,0,0,1,1,0
17311.0,0,0,1,0,0,0,0
16975.0,0,0,0,0,1,1,0
16674.0,0,0,0,0,1,0,0
16443.0,0,0,1,0,0,0,1
16296.0,0,0,0,0,1,1,1
16158.0,0,0,1,0,0,0,1
15981.0,0,0,0,0,1,1,1
14751.0,0,0,1,0,0,1,1
13524.0,0,0,1,0,0,0,1
12369.0,0,0,1,0,0,0,1
11323.0,0,0,1,0,0,1,1
10287.0,0,0,0,0,1,1,1
9295.0,0,0,1,0,0,0,1
8320.0,0,0,0,0,1,0,0
7326.0,0,0,1,0,0,1,1
6384.0,0,0,1,0,0,0,1
5440.0,0,0,1,0,0,1,1
5453.0,0,0,1,1,0,0,1
5499.0,0,0,1,1,0,1,1
5537.0,0,0,1,1,0,0,1
